<?xml version='1.0' encoding='utf-8'?>
<geometry>
  <cell id="1" material="12" region="-1 8 -9" universe="1" />
  <cell id="2" material="10" region="1 -2 8 -9" universe="1" />
  <cell id="3" material="11" region="2 -3 8 -9" universe="1" />
  <cell id="4" material="9" region="3 -4 8 -9" universe="1" />
  <cell id="5" material="11" region="4 -5 8 -9" universe="1" />
  <cell id="6" material="10" region="5 -6 8 -9" universe="1" />
  <cell id="7" material="12" region="6 -7 8 -9" universe="1" />
  <cell id="8" material="8" region="7 | -8 | 9" universe="1" />
  <cell id="9" material="6" region="-10 21 -22" universe="2" />
  <cell id="10" material="5" region="10 -11 21 -22" universe="2" />
  <cell id="11" material="4" region="11 -12 21 -22" universe="2" />
  <cell id="12" material="3" region="12 -13 21 -22" universe="2" />
  <cell id="13" material="2" region="13 -14 21 -22" universe="2" />
  <cell id="14" material="1" region="14 -15 21 -22" universe="2" />
  <cell id="15" material="2" region="15 -16 21 -22" universe="2" />
  <cell id="16" material="3" region="16 -17 21 -22" universe="2" />
  <cell id="17" material="4" region="17 -18 21 -22" universe="2" />
  <cell id="18" material="5" region="18 -19 21 -22" universe="2" />
  <cell id="19" material="6" region="19 -20 21 -22" universe="2" />
  <cell fill="2" id="20" region="-20 21 -22" universe="3" />
  <cell id="21" material="8" region="20 | -21 | 22" universe="3" />
  <cell id="22" material="14" region="-31" universe="4" />
  <cell id="23" material="8" region="31" universe="4" />
  <cell id="24" material="14" region="-32" universe="5" />
  <cell id="25" material="8" region="32" universe="5" />
  <cell id="26" material="8" region="-33" universe="6" />
  <cell id="27" material="8" region="33" universe="6" />
  <cell id="28" material="8" region="-23 24 -25 26 27 -28 29 -30" universe="7" />
  <cell fill="8" id="29" name="fuel_block_cells" region="-23 24 -25 26 27 -28 29 -30" universe="10" />
  <cell id="30" material="void" region="-40" universe="12" />
  <cell id="31" material="void" region="-41" universe="13" />
  <cell id="32" material="void" region="-42" universe="14" />
  <cell id="33" material="void" region="-43" universe="15" />
  <cell id="34" material="void" region="-44" universe="16" />
  <cell id="35" material="void" region="-45" universe="17" />
  <cell fill="11" id="36" region="40 -23 24 -25 26 27 -28 29 -30" universe="12" />
  <cell fill="11" id="37" region="41 -23 24 -25 26 27 -28 29 -30" rotation="0 0 300" universe="13" />
  <cell fill="11" id="38" region="42 -23 24 -25 26 27 -28 29 -30" rotation="0 0 240" universe="14" />
  <cell fill="11" id="39" region="43 -23 24 -25 26 27 -28 29 -30" rotation="0 0 180" universe="15" />
  <cell fill="11" id="40" region="44 -23 24 -25 26 27 -28 29 -30" rotation="0 0 120" universe="16" />
  <cell fill="11" id="41" region="45 -23 24 -25 26 27 -28 29 -30" rotation="0 0 60" universe="17" />
  <cell id="42" material="15" region="-34 35 -36 37 38 -39 46 -47" universe="18" />
  <cell id="43" material="void" region="-48" universe="19" />
  <cell id="44" material="void" region="-49" universe="20" />
  <cell id="45" material="void" region="-50" universe="21" />
  <cell id="46" material="void" region="-51" universe="22" />
  <cell id="47" material="void" region="-52" universe="23" />
  <cell id="48" material="void" region="-53" universe="24" />
  <cell id="49" material="15" region="48 -34 35 -36 37 38 -39 46 -47" universe="19" />
  <cell id="50" material="15" region="49 -34 35 -36 37 38 -39 46 -47" universe="20" />
  <cell id="51" material="15" region="50 -34 35 -36 37 38 -39 46 -47" universe="21" />
  <cell id="52" material="15" region="51 -34 35 -36 37 38 -39 46 -47" universe="22" />
  <cell id="53" material="15" region="52 -34 35 -36 37 38 -39 46 -47" universe="23" />
  <cell id="54" material="15" region="53 -34 35 -36 37 38 -39 46 -47" universe="24" />
  <cell id="55" material="16" region="-54 55 -56 57 58 -59 60 -61" universe="25" />
  <cell id="56" material="16" region="-64 62 -63" universe="26" />
  <cell fill="27" id="57" region="-64 62 -63" universe="28" />
  <cell id="58" material="16" region="64 -65 62 -63" universe="28" />
  <cell id="59" material="17" region="65 -66 62 -63" universe="28" />
  <hex_lattice id="8" n_rings="11" name="fuel_block_lattice" orientation="x">
    <pitch>1.8796</pitch>
    <outer>7</outer>
    <center>0 0</center>
    <universes>
          3 3 5 3 3 5 3 3 5 3 3
         3 5 3 3 5 3 3 5 3 3 5 3
        5 3 3 5 3 3 5 3 3 5 3 3 5
       3 3 5 3 3 5 3 3 5 3 3 5 3 3
      3 5 3 3 5 3 3 5 3 3 5 3 3 5 3
     5 3 3 5 3 3 5 3 3 5 3 3 5 3 3 5
    3 3 5 3 3 5 3 3 5 3 3 5 3 3 5 3 3
   3 5 3 3 5 3 3 5 3 3 5 3 3 5 3 3 5 3
  5 3 3 5 3 3 5 3 3 4 3 3 5 3 3 5 3 3 5
 3 3 5 3 3 5 3 3 4 6 6 4 3 3 5 3 3 5 3 3
3 5 3 3 5 3 3 5 3 6 6 6 3 5 3 3 5 3 3 5 3
 3 3 5 3 3 5 3 3 4 6 6 4 3 3 5 3 3 5 3 3
  5 3 3 5 3 3 5 3 3 4 3 3 5 3 3 5 3 3 5
   3 5 3 3 5 3 3 5 3 3 5 3 3 5 3 3 5 3
    3 3 5 3 3 5 3 3 5 3 3 5 3 3 5 3 3
     5 3 3 5 3 3 5 3 3 5 3 3 5 3 3 5
      3 5 3 3 5 3 3 5 3 3 5 3 3 5 3
       3 3 5 3 3 5 3 3 5 3 3 5 3 3
        5 3 3 5 3 3 5 3 3 5 3 3 5
         3 5 3 3 5 3 3 5 3 3 5 3
          3 3 5 3 3 5 3 3 5 3 3</universes>
  </hex_lattice>
  <hex_lattice id="11" n_rings="11" name="rsc1_fuel_rod_lattice" orientation="x">
    <pitch>1.8796</pitch>
    <outer>7</outer>
    <center>0 0</center>
    <universes>
          1 3 5 3 3 5 3 3 5 3 1
         3 5 3 3 5 3 3 5 3 3 5 3
        5 3 3 5 3 3 5 3 3 5 3 3 5
       3 3 5 3 3 5 3 3 5 3 3 5 3 3
      3 5 3 3 5 3 3 5 3 3 5 3 3 5 3
     5 3 3 5 3 3 5 3 3 5 3 3 5 3 3 5
    3 3 5 3 3 5 3 3 5 3 3 5 3 3 5 3 3
   3 5 3 3 5 3 3 5 3 3 5 3 3 5 3 3 5 3
  5 3 3 5 3 3 5 3 3 4 3 3 5 3 3 5 3 3 5
 3 3 5 3 3 5 3 3 4 6 6 4 3 3 5 3 3 5 3 3
1 5 3 3 5 3 3 5 3 6 6 6 3 5 3 3 5 3 3 5 1
 3 3 5 3 3 5 3 3 4 6 6 4 3 3 5 3 3 5 3 3
  5 3 3 5 3 3 5 3 3 4 3 3 5 3 3 5 3 3 5
   3 5 3 3 5 3 3 6 6 6 6 3 3 5 3 3 5 3
    3 3 5 3 3 5 6 6 6 6 6 5 3 3 5 3 3
     5 3 3 5 3 6 6 6 6 6 6 3 5 3 3 5
      3 5 3 3 6 6 6 6 6 6 6 3 3 5 3
       3 3 5 3 6 6 6 6 6 6 3 5 3 3
        5 3 3 5 6 6 6 6 6 5 3 3 5
         3 5 3 3 6 6 6 6 3 3 5 3
          1 3 5 3 3 5 3 3 5 3 1</universes>
  </hex_lattice>
  <hex_lattice id="27" n_rings="8" name="core_lattice">
    <pitch>35.811189676971075</pitch>
    <outer>26</outer>
    <center>0 0</center>
    <universes>
              25
            18  18
          18  18  18
        18  19  19  18
      18  19  18  19  18
    18  18  10  10  18  18
  18  24  10  10  10  20  18
25  24  10  10  10  10  20  25
  18  10  10  17  10  10  18
18  18  10  10  17  10  18  18
  24  10  16  10  10  10  20
18  10  16  10  10  12  10  18
  24  10  10  10  10  10  20
18  10  10  10  10  12  10  18
  18  10  10  10  10  10  18
18  10  15  10  10  10  10  18
  23  10  10  10  10  10  20
18  10  15  10  10  13  10  18
  23  10  10  10  13  10  20
18  18  10  14  10  10  18  18
  18  10  10  14  10  10  18
25  22  10  10  10  10  21  25
  18  22  10  10  10  21  18
    18  18  10  10  18  18
      18  22  18  22  18
        18  22  22  18
          18  18  18
            18  18
              25</universes>
  </hex_lattice>
  <surface coeffs="0.0 0.0 0.46345491058306276" id="1" type="z-cylinder" />
  <surface coeffs="0.0 0.0 0.47116067818035257" id="2" type="z-cylinder" />
  <surface coeffs="0.0 0.0 0.4753777840444817" id="3" type="z-cylinder" />
  <surface coeffs="0.0 0.0 0.488261340210386" id="4" type="z-cylinder" />
  <surface coeffs="0.0 0.0 0.4923319908798477" id="5" type="z-cylinder" />
  <surface coeffs="0.0 0.0 0.4995925537510837" id="6" type="z-cylinder" />
  <surface coeffs="0.0 0.0 0.635" id="7" type="z-cylinder" />
  <surface coeffs="-0.5" id="8" type="z-plane" />
  <surface coeffs="0.5" id="9" type="z-plane" />
  <surface coeffs="0.0 0.0 0.3955321738969582" id="10" type="z-cylinder" />
  <surface coeffs="0.0 0.0 0.416945933804707" id="11" type="z-cylinder" />
  <surface coeffs="0.0 0.0 0.43169678514593973" id="12" type="z-cylinder" />
  <surface coeffs="0.0 0.0 0.4433919487901233" id="13" type="z-cylinder" />
  <surface coeffs="0.0 0.0 0.4640094234463189" id="14" type="z-cylinder" />
  <surface coeffs="0.0 0.0 0.4821469547711831" id="15" type="z-cylinder" />
  <surface coeffs="0.0 0.0 0.5011726357156855" id="16" type="z-cylinder" />
  <surface coeffs="0.0 0.0 0.5112810545451208" id="17" type="z-cylinder" />
  <surface coeffs="0.0 0.0 0.5233798996196085" id="18" type="z-cylinder" />
  <surface coeffs="0.0 0.0 0.5397450606114492" id="19" type="z-cylinder" />
  <surface coeffs="0.0 0.0 0.6349999999999999" id="20" type="z-cylinder" />
  <surface coeffs="-0.5" id="21" type="z-plane" />
  <surface coeffs="0.5" id="22" type="z-plane" />
  <surface coeffs="17.905594838485538" id="23" type="y-plane" />
  <surface coeffs="-17.905594838485538" id="24" type="y-plane" />
  <surface coeffs="1.7320508075688772 1.0 0.0 35.811189676971075" id="25" type="plane" />
  <surface coeffs="-1.7320508075688772 1.0 0.0 -35.811189676971075" id="26" type="plane" />
  <surface coeffs="1.7320508075688772 1.0 0.0 -35.811189676971075" id="27" type="plane" />
  <surface coeffs="-1.7320508075688772 1.0 0.0 35.811189676971075" id="28" type="plane" />
  <surface coeffs="-0.5" id="29" type="z-plane" />
  <surface coeffs="0.5" id="30" type="z-plane" />
  <surface coeffs="0.0 0.0 0.635" id="31" type="z-cylinder" />
  <surface coeffs="0.0 0.0 0.794" id="32" type="z-cylinder" />
  <surface coeffs="0.0 0.0 0.635" id="33" type="z-cylinder" />
  <surface coeffs="17.905594838485538" id="34" type="y-plane" />
  <surface coeffs="-17.905594838485538" id="35" type="y-plane" />
  <surface coeffs="1.7320508075688772 1.0 0.0 35.811189676971075" id="36" type="plane" />
  <surface coeffs="-1.7320508075688772 1.0 0.0 -35.811189676971075" id="37" type="plane" />
  <surface coeffs="1.7320508075688772 1.0 0.0 -35.811189676971075" id="38" type="plane" />
  <surface coeffs="-1.7320508075688772 1.0 0.0 35.811189676971075" id="39" type="plane" />
  <surface coeffs="0.0 -9.766688093719385 4.7625" id="40" type="z-cylinder" />
  <surface coeffs="-8.4582 -4.883344046859692 4.7625" id="41" type="z-cylinder" />
  <surface coeffs="-8.4582 4.883344046859692 4.7625" id="42" type="z-cylinder" />
  <surface coeffs="0 9.766688093719385 4.7625" id="43" type="z-cylinder" />
  <surface coeffs="8.4582 4.883344046859692 4.7625" id="44" type="z-cylinder" />
  <surface coeffs="8.4582 -4.883344046859692 4.7625" id="45" type="z-cylinder" />
  <surface coeffs="-0.5" id="46" type="z-plane" />
  <surface coeffs="0.5" id="47" type="z-plane" />
  <surface coeffs="0.0 -9.766688093719385 4.7625" id="48" type="z-cylinder" />
  <surface coeffs="-8.4582 -4.883344046859692 4.7625" id="49" type="z-cylinder" />
  <surface coeffs="-8.4582 4.883344046859692 4.7625" id="50" type="z-cylinder" />
  <surface coeffs="0 9.766688093719385 4.7625" id="51" type="z-cylinder" />
  <surface coeffs="8.4582 4.883344046859692 4.7625" id="52" type="z-cylinder" />
  <surface coeffs="8.4582 -4.883344046859692 4.7625" id="53" type="z-cylinder" />
  <surface coeffs="17.905594838485538" id="54" type="y-plane" />
  <surface coeffs="-17.905594838485538" id="55" type="y-plane" />
  <surface coeffs="1.7320508075688772 1.0 0.0 35.811189676971075" id="56" type="plane" />
  <surface coeffs="-1.7320508075688772 1.0 0.0 -35.811189676971075" id="57" type="plane" />
  <surface coeffs="1.7320508075688772 1.0 0.0 -35.811189676971075" id="58" type="plane" />
  <surface coeffs="-1.7320508075688772 1.0 0.0 35.811189676971075" id="59" type="plane" />
  <surface coeffs="-0.5" id="60" type="z-plane" />
  <surface coeffs="0.5" id="61" type="z-plane" />
  <surface boundary="reflective" coeffs="-0.5" id="62" type="z-plane" />
  <surface boundary="reflective" coeffs="0.5" id="63" type="z-plane" />
  <surface coeffs="0.0 0.0 70.0" id="64" type="z-cylinder" />
  <surface coeffs="0.0 0.0 110.0" id="65" type="z-cylinder" />
  <surface boundary="vacuum" coeffs="0.0 0.0 117.59999999999997" id="66" type="z-cylinder" />
</geometry>
