<?xml version='1.0' encoding='utf-8'?>
<geometry>
  <cell id="1" material="1" name="Fuel" region="-1" universe="0" />
  <cell id="2" material="2" name="Cladding" region="1 -2" universe="0" />
  <cell id="3" material="3" name="Water" region="2 3 -4 5 -6" universe="0" />
  <surface coeffs="0 0 0.40947" id="1" name="Fuel OR" type="z-cylinder" />
  <surface coeffs="0 0 0.4572" id="2" name="Clad OR" type="z-cylinder" />
  <surface boundary="reflective" coeffs="-0.63" id="3" name="left" type="x-plane" />
  <surface boundary="reflective" coeffs="0.63" id="4" name="right" type="x-plane" />
  <surface boundary="reflective" coeffs="-0.63" id="5" name="bottom" type="y-plane" />
  <surface boundary="reflective" coeffs="0.63" id="6" name="top" type="y-plane" />
</geometry>
