<?xml version='1.0' encoding='utf-8'?>
<materials>
  <cross_sections>/Users/harukowainwright/Documents/Projects/Chloe/Codes/nuclear_data/endfb71_hdf5/cross_sections.xml</cross_sections>
  <material depletable="true" id="1" name="UO2" volume="0.6636889619319588">
    <density units="g/cm3" value="10.29769" />
    <nuclide ao="1.999242" name="O16" />
    <nuclide ao="0.000758" name="O17" />
    <nuclide ao="0.0004071239086761929" name="U234" />
    <nuclide ao="0.045549059815403116" name="U235" />
    <nuclide ao="0.0002086365718989304" name="U236" />
    <nuclide ao="0.9538351797040217" name="U238" />
  </material>
  <material id="2" name="Zircaloy">
    <density units="g/cm3" value="6.55" />
    <nuclide ao="0.021827" name="Zr90" />
    <nuclide ao="0.00476" name="Zr91" />
    <nuclide ao="0.0072758" name="Zr92" />
    <nuclide ao="0.0073734" name="Zr94" />
    <nuclide ao="0.0011879" name="Zr96" />
  </material>
  <material id="3" name="Hot borated water">
    <density units="g/cm3" value="0.740582" />
    <nuclide ao="0.049457" name="H1" />
    <nuclide ao="8.0042e-06" name="B10" />
    <nuclide ao="3.2218e-05" name="B11" />
    <nuclide ao="0.024672" name="O16" />
    <sab name="c_H_in_H2O" />
  </material>
</materials>
