,keff,burnup,Power (W/cm),Activity (Bq/g),Activity (Ci/GWe.y),Decay heat (W/g),Decay heat (W/GWe.y),Radiotoxicity (Sv/g),Radiotoxicity (Sv/GWe.y),I129 (atom/cm3),I129 (atom/GWe.y),Efficiency,Volume Model (cm3),SNF mass (t/GWe.y),SNF volume (m3/(GWe.y)),discharge step,discharge time,volume_Ueq,mass U
0.0,1.3325358736821287,0.0,161.2204724409449,95343.03351507435,189.81931218001162,7.303974651095998e-08,5.385759086161695,0.004622721519227215,340867.3443470572,1000.0,8293750863.682886,0.33,0.433,73.73737373737373,31.928282828282825,39,549.0,0.6636889619319588,6.024397993167556
0.125,1.3299347786042501,0.003345157321606858,161.2204724409449,368741236822.61993,734130280.5832161,0.030620607187784744,2257883.156270996,41.27779725751908,3043716363.433225,31698261801968.645,2.6289748619732366e+20,0.33,0.433,73.73737373737373,31.928282828282825,39,549.0,0.6636889619319588,6.024397993167556
0.25,1.3240900740599126,0.006690314643213716,161.2204724409449,402873980899.142,802085471.0628372,0.03564361697695321,2628266.7063813983,73.62975421337197,5429264704.622377,171236607588576.8,1.4201937620818862e+21,0.33,0.433,73.73737373737373,31.928282828282825,39,549.0,0.6636889619319588,6.024397993167556
0.375,1.3174984010099189,0.010035471964820573,161.2204724409449,434143631433.1002,864340502.580445,0.03976506236157606,2932171.2650455073,102.97164026371455,7592858322.475922,405125445476507.6,3.360009513320699e+21,0.33,0.433,73.73737373737373,31.928282828282825,39,549.0,0.6636889619319588,6.024397993167556
0.5,1.3144413049947172,0.013380629286427432,161.2204724409449,460464397395.69,916742754.8150555,0.04302228129174251,3172350.0346436393,129.85550568679113,9575203954.682579,702426240474399.9,5.825748238608076e+21,0.33,0.433,73.73737373737373,31.928282828282825,39,549.0,0.6636889619319588,6.024397993167556
0.6666666666666666,1.3083807715512925,0.01784083904856991,161.2204724409449,492549492457.43256,980621262.2561611,0.04659841228128434,3436044.54195329,162.8677392745651,12009439360.64975,1158887658054511.2,9.611525514901039e+21,0.33,0.433,73.73737373737373,31.928282828282825,39,549.0,0.6636889619319588,6.024397993167556
0.8333333333333334,1.305528046973719,0.022301048810712387,161.2204724409449,521228261029.3917,1037718083.3221525,0.049502323723130015,3650171.3452409003,193.39414249760767,14260376163.96501,1654564465672811.0,1.3722545466192888e+22,0.33,0.433,73.73737373737373,31.928282828282825,39,549.0,0.6636889619319588,6.024397993167556
1.0,1.3038697547759799,0.026761258572854864,161.2204724409449,548188955785.3978,1091394375.60911,0.05200593080615241,3834780.7564132586,222.06841956641244,16374742048.836473,2171357384692245.2,1.8008697184655524e+22,0.33,0.433,73.73737373737373,31.928282828282825,39,549.0,0.6636889619319588,6.024397993167556
1.25,1.300392941297923,0.03345157321606858,161.2204724409449,581666495228.6594,1158045113.2279675,0.054937412115302744,4050940.489310202,262.1665621031907,19331473771.245373,2966347652175311.5,2.460214840221269e+22,0.33,0.433,73.73737373737373,31.928282828282825,39,549.0,0.6636889619319588,6.024397993167556
1.5,1.300195543708744,0.04014188785928229,161.2204724409449,612424416461.5206,1219281338.2279365,0.05745785911147236,4236791.631452003,299.61396629966384,22092747009.975212,3772414307984461.5,3.1287464425015808e+22,0.33,0.433,73.73737373737373,31.928282828282825,39,549.0,0.6636889619319588,6.024397993167556
1.75,1.2974498502536465,0.04683220250249601,161.2204724409449,639477772979.8635,1273142111.6599102,0.05959695509066999,4394522.951130211,334.80609119918824,24687721876.30378,4583299979546063.0,3.801274816387792e+22,0.33,0.433,73.73737373737373,31.928282828282825,39,549.0,0.6636889619319588,6.024397993167556
2.0,1.2980223447968693,0.05352251714570973,161.2204724409449,664873122868.8126,1323701944.620636,0.06156144726428892,4539379.444740497,368.1226416158612,27144396806.018047,5396514894695358.0,4.475735006875718e+22,0.33,0.433,73.73737373737373,31.928282828282825,39,549.0,0.6636889619319588,6.024397993167556
2.5,1.2956602115368303,0.06690314643213716,161.2204724409449,710620506181.0378,1414780825.942248,0.06506049169260394,4797389.791474836,429.89610820743167,31699409999.13385,7027091626483919.0,5.828094724632977e+22,0.33,0.433,73.73737373737373,31.928282828282825,39,549.0,0.6636889619319588,6.024397993167556
3.0,1.2953924659138794,0.08028377571856458,161.2204724409449,751640631811.8253,1496448166.970816,0.0681984334349473,5028773.374496114,486.15558731642636,35847836236.46376,8661655854497563.0,7.183761572416309e+22,0.33,0.433,73.73737373737373,31.928282828282825,39,549.0,0.6636889619319588,6.024397993167556
4.0,1.293841989554107,0.10704503429141946,161.2204724409449,818194981447.2607,1628951826.6995466,0.07338479618181097,5411202.142699192,584.5838519459293,43105677971.770546,1.1941492552731794e+16,9.903976417288206e+22,0.33,0.433,73.73737373737373,31.928282828282825,39,549.0,0.6636889619319588,6.024397993167556
7.0,1.293041366678325,0.18732881000998405,161.2204724409449,945725301072.594,1882853099.4081643,0.08403006040063447,6196155.968935673,800.5274586592343,59028792406.18597,2.186577921366387e+16,1.8134932523842403e+23,0.33,0.433,73.73737373737373,31.928282828282825,39,549.0,0.6636889619319588,6.024397993167556
14.0,1.2865192823740375,0.3746576200199681,161.2204724409449,1076811185040.8354,2143833177.4903905,0.09712789887154356,7161956.179416848,1079.791959817588,79621023299.68073,4.550076196507399e+16,3.773719838460619e+23,0.33,0.433,73.73737373737373,31.928282828282825,39,549.0,0.6636889619319588,6.024397993167556
21.0,1.2850967880092392,0.5619864300299522,161.2204724409449,1143076013663.1562,2275760427.2021017,0.10484562023147126,7731040.683734749,1233.4429428065696,90950843257.45412,6.975403017287285e+16,5.785225479916262e+23,0.33,0.433,73.73737373737373,31.928282828282825,39,549.0,0.6636889619319588,6.024397993167556
28.0,1.2821009717748537,0.7493152400399362,161.2204724409449,1180677302369.0322,2350621174.716528,0.10975052305417149,8092715.336317696,1329.1331372962045,98006786891.53831,9.456032561673827e+16,7.84259782253958e+23,0.33,0.433,73.73737373737373,31.928282828282825,39,549.0,0.6636889619319588,6.024397993167556
42.0,1.2771091477424323,1.1239728600599044,161.2204724409449,1234170567865.4463,2457121403.295752,0.11638924632207862,8582237.355062364,1444.1182553978088,106485487519.23236,1.455980263953827e+17,1.2075537571672288e+24,0.33,0.433,73.73737373737373,31.928282828282825,39,549.0,0.6636889619319588,6.024397993167556
56.0,1.2735590606853338,1.4986304800798724,161.2204724409449,1271235886831.0005,2530915083.781719,0.12062192551089113,8894344.002318235,1511.8805219586584,111482099093.92128,1.9822995620773872e+17,1.6440698705057538e+24,0.33,0.433,73.73737373737373,31.928282828282825,39,549.0,0.6636889619319588,6.024397993167556
70.0,1.269662796648403,1.8732881000998405,161.2204724409449,1300963852701.7537,2590100761.2880363,0.12371795558366122,9122637.12889623,1559.6660426673145,115005677893.65045,2.5217206620247942e+17,2.0914522918635118e+24,0.33,0.433,73.73737373737373,31.928282828282825,39,549.0,0.6636889619319588,6.024397993167556
84.0,1.26601947459301,2.2479457201198088,161.2204724409449,1321955915964.6855,2631894050.875147,0.12588457217031088,9282397.74589161,1595.6428116710827,117658510355.5445,3.072089550142235e+17,2.547914535980333e+24,0.33,0.433,73.73737373737373,31.928282828282825,39,549.0,0.6636889619319588,6.024397993167556
98.0,1.2623823771987106,2.6226033401397766,161.2204724409449,1343200945538.8127,2674190973.390909,0.1278945282813756,9430606.630848907,1627.009773017331,119971427707.33856,3.6318972662573766e+17,3.012205108882963e+24,0.33,0.433,73.73737373737373,31.928282828282825,39,549.0,0.6636889619319588,6.024397993167556
112.0,1.2587988491902862,2.997260960159745,161.2204724409449,1358420399564.9226,2704491522.7701635,0.12937977579699875,9540124.882000918,1652.8378999022175,121875925952.38573,4.1997933705778035e+17,3.4832039894519327e+24,0.33,0.433,73.73737373737373,31.928282828282825,39,549.0,0.6636889619319588,6.024397993167556
140.0,1.2504828169694484,3.746576200199681,161.2204724409449,1387481396695.381,2762349326.148077,0.132036532160609,9736027.118913595,1697.421624853827,125163412741.74686,5.356921069658031e+17,4.4428968748157343e+24,0.33,0.433,73.73737373737373,31.928282828282825,39,549.0,0.6636889619319588,6.024397993167556
168.0,1.2432826235720527,4.4958914402396175,161.2204724409449,1408833071388.7197,2804858569.4011784,0.1339864861214645,9879811.602895867,1733.3801217788746,127814897868.54326,6.538202919444468e+17,5.422622611007653e+24,0.33,0.433,73.73737373737373,31.928282828282825,39,549.0,0.6636889619319588,6.024397993167556
196.0,1.2342785700439505,5.245206680279553,161.2204724409449,1428342716780.5386,2843700499.772163,0.1356803952459252,10004716.013083374,1764.7738488309346,130129788853.19014,7.740792656368966e+17,6.420020577935026e+24,0.33,0.433,73.73737373737373,31.928282828282825,39,549.0,0.6636889619319588,6.024397993167556
224.0,1.2277208642121242,5.99452192031949,161.2204724409449,1443198708692.7173,2873277429.124592,0.13695552415860976,10098740.670281326,1791.4301180278644,132095352137.40817,8.962982420430156e+17,7.433674319061713e+24,0.33,0.433,73.73737373737373,31.928282828282825,39,549.0,0.6636889619319588,6.024397993167556
252.0,1.2199253823685385,6.743837160359425,161.2204724409449,1457228802562.379,2901210070.556009,0.1380934790883095,10182650.478228882,1815.5304271050343,133872445635.01768,1.0202694626531008e+18,8.461860737068428e+24,0.33,0.433,73.73737373737373,31.928282828282825,39,549.0,0.6636889619319588,6.024397993167556
280.0,1.2132833971882864,7.493152400399362,161.2204724409449,1468389611629.8823,2923430226.790402,0.13897962275343634,10247992.384849345,1837.0574411189787,135459791112.81357,1.1459384798429413e+18,9.504128256924849e+24,0.33,0.433,73.73737373737373,31.928282828282825,39,549.0,0.6636889619319588,6.024397993167556
308.0,1.205227254355172,8.242467640439298,161.2204724409449,1478564817552.4858,2943688136.763585,0.13975972080240873,10305514.766238218,1856.8743138127584,136921035260.94077,1.2732262378442445e+18,1.0559821209784417e+25,0.33,0.433,73.73737373737373,31.928282828282825,39,549.0,0.6636889619319588,6.024397993167556
336.0,1.1977596933387378,8.991782880479235,161.2204724409449,1488862223844.864,2964189336.563865,0.14051790690958071,10361421.418585245,1875.8995765623106,138323908170.75626,1.402033375051899e+18,1.1628115515248918e+25,0.33,0.433,73.73737373737373,31.928282828282825,39,549.0,0.6636889619319588,6.024397993167556
365.0,1.191116048068641,9.767859379092025,161.2204724409449,1502592626165.7224,2991525319.366302,0.1414947927659808,10433454.416077372,1896.1621616827656,139818017982.66858,1.5369838294148928e+18,1.2747360962676396e+25,0.33,0.433,73.73737373737373,31.928282828282825,39,549.0,0.6636889619319588,6.024397993167556
396.0,1.1827758671331892,10.597458394850527,161.2204724409449,1512440035722.3367,3011130616.57447,0.1421906862878943,10484767.776784126,1914.9616388373624,141204242055.6843,1.6829300053612923e+18,1.3957802185483062e+25,0.33,0.433,73.73737373737373,31.928282828282825,39,549.0,0.6636889619319588,6.024397993167556
427.0,1.1731568871177958,11.427057410609025,161.2204724409449,1523920680172.9883,3033987535.9807677,0.14299357629468307,10543970.77728471,1934.0978856812826,142615298641.14508,1.8304931264499297e+18,1.5181653948459693e+25,0.33,0.433,73.73737373737373,31.928282828282825,39,549.0,0.6636889619319588,6.024397993167556
458.0,1.1686781249093385,12.256656426367528,161.2204724409449,1529454153977.4644,3045004179.282406,0.14337732343253975,10572267.283409497,1950.2591164099936,143806985351.44397,1.9797175259330616e+18,1.6419283940555477e+25,0.33,0.433,73.73737373737373,31.928282828282825,39,549.0,0.6636889619319588,6.024397993167556
488.0,1.1587636261675713,13.059494183553172,161.2204724409449,1540014582086.261,3066029031.608101,0.14411833138870023,10626907.264015269,1967.8163191363994,145101607370.6638,2.1255742402838487e+18,1.7628983191176263e+25,0.33,0.433,73.73737373737373,31.928282828282825,39,549.0,0.6636889619319588,6.024397993167556
519.0,1.1514654103559958,13.889093199311674,161.2204724409449,1553525885266.2021,3092928807.939075,0.1450521045701107,10695761.24607887,1986.6514300895722,146490458986.4028,2.2778138897296689e+18,1.8891620915254316e+25,0.33,0.433,73.73737373737373,31.928282828282825,39,549.0,0.6636889619319588,6.024397993167556
549.0,1.142171129387897,14.69193095649732,161.2204724409449,1560258375165.4976,3106332583.2840357,0.14552545493989094,10730664.859204078,2002.135034379369,147632179302.72116,2.4264719234243773e+18,2.0124553610603204e+25,0.33,0.433,73.73737373737373,31.928282828282825,39,549.0,0.6636889619319588,6.024397993167556
560.5117548184344,0.0,0.0,0.0,1566122647741.7358,3118007816.8676376,0.14597694316269677,10763956.415027136,2010.186997223007,148225909896.2419,2.483880335767942e+18,2.060068468006031e+25,0.33,0.433,73.73737373737373,31.928282828282825,39,549.0,0.6636889619319588,6.024397993167556
560.5517548184343,0.0,0.0,0.0,1232039630908.1606,2452878901.5353374,0.12005963771225503,8852882.37676224,1991.6979080308683,146862573016.41757,2.4840828900096276e+18,2.060236461447723e+25,0.33,0.433,73.73737373737373,31.928282828282825,39,549.0,0.6636889619319588,6.024397993167556
561.5517548184343,0.0,0.0,0.0,936682769849.6753,1864850241.7916265,0.08717494804503977,6428051.724533235,1759.307178573517,129726690945.31995,2.4861055342800927e+18,2.0619139922142326e+25,0.33,0.433,73.73737373737373,31.928282828282825,39,549.0,0.6636889619319588,6.024397993167556
568.5517548184343,0.0,0.0,0.0,456132295375.3785,908117933.5200717,0.04881930597183794,3599807.410044616,1080.1060489477975,79644183407.26184,2.4910541731041577e+18,2.0660182699663467e+25,0.33,0.433,73.73737373737373,31.928282828282825,39,549.0,0.6636889619319588,6.024397993167556
598.5517548184343,0.0,0.0,0.0,214297690234.62637,426647219.6489379,0.02112952487959932,1558035.672940152,514.6386997399679,37948106142.44208,2.5056616131429816e+18,2.078133316810166e+25,0.33,0.433,73.73737373737373,31.928282828282825,39,549.0,0.6636889619319588,6.024397993167556
628.5517548184343,0.0,0.0,0.0,149502408448.7148,297645704.0933504,0.01345769739827175,992335.2627008462,396.5513077293041,29240651984.079998,2.5135283948168274e+18,2.0846578295403525e+25,0.33,0.433,73.73737373737373,31.928282828282825,39,549.0,0.6636889619319588,6.024397993167556
928.5517548184343,0.0,0.0,0.0,28280259915.40638,56303426.55885451,0.0012691237098595718,93581.84931287752,177.57042832170424,13093577037.863039,2.522690522747837e+18,2.092256670184451e+25,0.33,0.433,73.73737373737373,31.928282828282825,39,549.0,0.6636889619319588,6.024397993167556
1293.5517548184343,0.0,0.0,0.0,15270457507.384937,30402092.673793647,0.0006294780211222202,46416.056102951596,121.56272999878054,8963716454.455536,2.522709243247882e+18,2.0922721965007924e+25,0.33,0.433,73.73737373737373,31.928282828282825,39,549.0,0.6636889619319588,6.024397993167556
1658.5517548184346,0.0,0.0,0.0,10656298361.698387,21215721.283744972,0.0005056889831835374,37288.177547877,96.760058447832,7134832592.617914,2.522709142057987e+18,2.0922721125764142e+25,0.33,0.433,73.73737373737373,31.928282828282825,39,549.0,0.6636889619319588,6.024397993167556
2023.5517548184346,0.0,0.0,0.0,8348345572.512626,16620797.094366046,0.00043779158862401496,32281.60198944757,84.2894175267423,6215280282.274938,2.5227090307630653e+18,2.0922720202711787e+25,0.33,0.433,73.73737373737373,31.928282828282825,39,549.0,0.6636889619319588,6.024397993167556
2388.5517548184343,0.0,0.0,0.0,7068736711.532578,14073212.180233045,0.0003942385434960885,29070.11482344895,77.40973485158209,5707990549.662114,2.522708919462758e+18,2.0922719279614773e+25,0.33,0.433,73.73737373737373,31.928282828282825,39,549.0,0.6636889619319588,6.024397993167556
2425.0517548184343,0.0,0.0,0.0,6973380172.507406,13883365.979810197,0.00039073236410958143,28811.5783636358,76.89756357163422,5670224384.575049,2.522708908332852e+18,2.0922719187306103e+25,0.33,0.433,73.73737373737373,31.928282828282825,39,549.0,0.6636889619319588,6.024397993167556
2571.0517548184343,0.0,0.0,0.0,6633056916.262317,13205813.315104067,0.00037786771731151996,27862.973094687837,75.06805596490219,5535321298.42208,2.5227088638129203e+18,2.092271881806888e+25,0.33,0.433,73.73737373737373,31.928282828282825,39,549.0,0.6636889619319588,6.024397993167556
2662.3017548184343,0.0,0.0,0.0,6448603167.394757,12838582.66963138,0.000370656165618531,27331.21221227552,74.0742185395082,5462038336.751614,2.52270883598775e+18,2.0922718587293846e+25,0.33,0.433,73.73737373737373,31.928282828282825,39,549.0,0.6636889619319588,6.024397993167556
2753.5517548184343,0.0,0.0,0.0,6281961974.747422,12506815.204269867,0.00036399317637897984,26839.900884510633,73.17379332993073,5395643346.550447,2.522708808162547e+18,2.0922718356518553e+25,0.33,0.433,73.73737373737373,31.928282828282825,39,549.0,0.6636889619319588,6.024397993167556
3483.5517548184343,0.0,0.0,0.0,5352828172.409655,10656994.270524675,0.0003245508823797493,23931.52971083,68.02535509344492,5016011032.142907,2.5227085855621704e+18,2.0922716510326483e+25,0.33,0.433,73.73737373737373,31.928282828282825,39,549.0,0.6636889619319588,6.024397993167556
4213.551754818434,0.0,0.0,0.0,4786951360.29359,9530384.980948146,0.00029955192327537093,22088.172120305127,64.60174548292176,4763563050.760898,2.5227083629618504e+18,2.092271466413489e+25,0.33,0.433,73.73737373737373,31.928282828282825,39,549.0,0.6636889619319588,6.024397993167556
4761.051754818434,0.0,0.0,0.0,4472064313.648483,8903473.497172888,0.00028572919019664026,21068.920085206806,62.49540193393652,4608246809.270066,2.522708196011628e+18,2.092271327949134e+25,0.33,0.433,73.73737373737373,31.928282828282825,39,549.0,0.6636889619319588,6.024397993167556
6038.551754818434,0.0,0.0,0.0,3922302428.2863903,7808947.5617701765,0.0002617375863659758,19299.842226986093,58.297773256366675,4298724694.661381,2.5227078064611517e+18,2.092271004865674e+25,0.33,0.433,73.73737373737373,31.928282828282825,39,549.0,0.6636889619319588,6.024397993167556
7863.551754818434,0.0,0.0,0.0,3358117125.094819,6685705.912688775,0.00023643344480513321,17433.981283610832,53.19086035928101,3922154349.7247615,2.5227072499606415e+18,2.092270543318015e+25,0.33,0.433,73.73737373737373,31.928282828282825,39,549.0,0.6636889619319588,6.024397993167556
8958.551754818434,0.0,0.0,0.0,3083847800.4295316,6139660.620855157,0.00022357864966377562,16486.10244995517,50.440877755777365,3719377854.718937,2.522706916060432e+18,2.0922702663895e+25,0.33,0.433,73.73737373737373,31.928282828282825,39,549.0,0.6636889619319588,6.024397993167556
9688.551754818434,0.0,0.0,0.0,2918591870.830289,5810651.088289393,0.0002156268706978134,15899.759152465029,48.71336775164947,3591995803.9095063,2.5227066934602496e+18,2.092270081770454e+25,0.33,0.433,73.73737373737373,31.928282828282825,39,549.0,0.6636889619319588,6.024397993167556
11513.551754818434,0.0,0.0,0.0,2552615993.9649315,5082026.387984727,0.0001974480175342614,14559.298262627355,44.723594796249195,3297800424.36989,2.522706136959964e+18,2.0922696202229826e+25,0.33,0.433,73.73737373737373,31.928282828282825,39,549.0,0.6636889619319588,6.024397993167556
13338.551754818434,0.0,0.0,0.0,2240354052.4463186,4460341.249870397,0.0001813015237030782,13368.6982124492,41.15629304312407,3034756961.7657146,2.5227055804597463e+18,2.0922691586755655e+25,0.33,0.433,73.73737373737373,31.928282828282825,39,549.0,0.6636889619319588,6.024397993167556
15163.551754818434,0.0,0.0,0.0,1971247349.4015176,3924574.2683539307,0.00016688934269728817,12305.981835254583,37.964554913707175,2799406574.4450746,2.522705023959641e+18,2.0922686971282433e+25,0.33,0.433,73.73737373737373,31.928282828282825,39,549.0,0.6636889619319588,6.024397993167556
16988.551754818436,0.0,0.0,0.0,1738127140.260255,3460453.1246999623,0.00015400157482436047,11355.671678967994,35.1084429846549,2588804381.6967754,2.5227044674596526e+18,2.0922682355810173e+25,0.33,0.433,73.73737373737373,31.928282828282825,39,549.0,0.6636889619319588,6.024397993167556
18813.551754818436,0.0,0.0,0.0,1535480807.2174084,3057002.698005568,0.0001424667750203065,10505.125834830682,32.5524649610078,2400333274.9025955,2.522703910959857e+18,2.0922677740339507e+25,0.33,0.433,73.73737373737373,31.928282828282825,39,549.0,0.6636889619319588,6.024397993167556
22463.551754818436,0.0,0.0,0.0,1204516723.1105459,2398083.294192814,0.0001228839208949819,9061.137601347149,28.2168767625619,2080638387.542443,2.522702797960617e+18,2.0922668509401104e+25,0.33,0.433,73.73737373737373,31.928282828282825,39,549.0,0.6636889619319588,6.024397993167556
26113.551754818436,0.0,0.0,0.0,950907377.0758588,1893170.141632846,0.00010715838072757237,7901.577568800792,24.740450346120717,1824295833.602841,2.522701684961864e+18,2.0922659278466733e+25,0.33,0.433,73.73737373737373,31.928282828282825,39,549.0,0.6636889619319588,6.024397993167556
29763.551754818436,0.0,0.0,0.0,755219042.7325423,1503572.4578038796,9.451397238583786e-05,6969.2121052183475,21.948622259551385,1618433762.5729809,2.5227005719636803e+18,2.0922650047537083e+25,0.33,0.433,73.73737373737373,31.928282828282825,39,549.0,0.6636889619319588,6.024397993167556
33413.551754818436,0.0,0.0,0.0,603382493.179805,1201279.6909670667,8.433064973720806e-05,6218.32063718807,19.701670937332185,1452749473.1568177,2.5226994589659515e+18,2.0922640816611212e+25,0.33,0.433,73.73737373737373,31.928282828282825,39,549.0,0.6636889619319588,6.024397993167556
37063.551754818436,0.0,0.0,0.0,485041910.02700686,965674.3481446774,7.61115875245492e-05,5612.268575042516,17.888083076080378,1319020267.2261288,2.5226983459687327e+18,2.0922631585689563e+25,0.33,0.433,73.73737373737373,31.928282828282825,39,549.0,0.6636889619319588,6.024397993167556
46188.551754818436,0.0,0.0,0.0,289562073.0320126,576491.7635819159,6.173787725808785e-05,4552.38892913173,14.711185909268623,1084764213.5117269,2.522695563477343e+18,2.09226085083992e+25,0.33,0.433,73.73737373737373,31.928282828282825,39,549.0,0.6636889619319588,6.024397993167556
55313.551754818436,0.0,0.0,0.0,182044834.445603,362434.7158507915,5.303352319449709e-05,3910.5527204023106,12.777476646987488,942177570.9394814,2.5226927809890545e+18,2.0922585431134547e+25,0.33,0.433,73.73737373737373,31.928282828282825,39,549.0,0.6636889619319588,6.024397993167556
64438.551754818436,0.0,0.0,0.0,122106840.27335489,243103.61836240656,4.754087136304487e-05,3505.538999497248,11.548427952934738,851550748.0446826,2.522689998503835e+18,2.092256235389536e+25,0.33,0.433,73.73737373737373,31.928282828282825,39,549.0,0.6636889619319588,6.024397993167556
73563.55175481844,0.0,0.0,0.0,88239417.23404865,175676.65794778775,4.387891419535788e-05,3235.5158952132574,10.722702741623898,790663939.5338833,2.522687216021698e+18,2.0922539276681734e+25,0.33,0.433,73.73737373737373,31.928282828282825,39,549.0,0.6636889619319588,6.024397993167556
82688.55175481844,0.0,0.0,0.0,68774911.95637609,136924.5974404215,4.12743124903877e-05,3043.4594058568705,10.131505826522012,747070631.6526333,2.522684433542626e+18,2.0922516199493522e+25,0.33,0.433,73.73737373737373,31.928282828282825,39,549.0,0.6636889619319588,6.024397993167556
91813.55175481844,0.0,0.0,0.0,57318052.939582855,114115.03267062404,3.9293687978533055e-05,2897.4133559928414,9.67991766872612,713771706.8858654,2.5226816510665457e+18,2.092249312233013e+25,0.33,0.433,73.73737373737373,31.928282828282825,39,549.0,0.6636889619319588,6.024397993167556
110063.55175481844,0.0,0.0,0.0,45891263.64831619,91365.3339907386,3.6333708358074995e-05,2679.152232464116,9.00356979289786,663899590.7894381,2.5226760861238287e+18,2.092244696808167e+25,0.33,0.433,73.73737373737373,31.928282828282825,39,549.0,0.6636889619319588,6.024397993167556
128313.55175481844,0.0,0.0,0.0,40707114.984552756,81044.16528742774,3.405281638217928e-05,2510.9652483829163,8.483397220672359,625543431.4233153,2.5226705211934295e+18,2.0922400813935366e+25,0.33,0.433,73.73737373737373,31.928282828282825,39,549.0,0.6636889619319588,6.024397993167556
146563.55175481844,0.0,0.0,0.0,37651139.85905664,74959.99662848547,3.212778648816469e-05,2369.0185996323457,8.046107350673989,593298824.847678,2.522664956275385e+18,2.092235465989152e+25,0.33,0.433,73.73737373737373,31.928282828282825,39,549.0,0.6636889619319588,6.024397993167556
164813.55175481844,0.0,0.0,0.0,35417749.253971584,70513.51896927069,3.04343656305398e-05,2244.1501929589954,7.662825591692434,565036634.5389371,2.52265939136965e+18,2.092230850594978e+25,0.33,0.433,73.73737373737373,31.928282828282825,39,549.0,0.6636889619319588,6.024397993167556
183063.55175481844,0.0,0.0,0.0,33574290.34954569,66843.35987773187,2.891543952312885e-05,2132.14857089738,7.319988822677072,539756751.5711377,2.522653826476053e+18,2.09222623521087e+25,0.33,0.433,73.73737373737373,31.928282828282825,39,549.0,0.6636889619319588,6.024397993167556
219563.55175481844,0.0,0.0,0.0,30522877.79123039,60768.27487526777,2.628387133099314e-05,1938.103643598484,6.72751618874806,496069375.5339479,2.5226426967255496e+18,2.092217004473086e+25,0.33,0.433,73.73737373737373,31.928282828282825,39,549.0,0.6636889619319588,6.024397993167556
256063.55175481844,0.0,0.0,0.0,28023936.58733803,55793.110114791176,2.4079365897215254e-05,1775.5492025219328,6.231926081593409,459525862.5821402,2.5226315670242304e+18,2.0922077737760926e+25,0.33,0.433,73.73737373737373,31.928282828282825,39,549.0,0.6636889619319588,6.024397993167556
292563.5517548185,0.0,0.0,0.0,25927045.145748314,51618.38988108074,2.2212808652525926e-05,1637.9141733680733,5.812285283174152,428582652.1936496,2.522620437371962e+18,2.092198543119781e+25,0.33,0.433,73.73737373737373,31.928282828282825,39,549.0,0.6636889619319588,6.024397993167556
329063.5517548185,0.0,0.0,0.0,24148726.200354602,48077.918526160516,2.0622887076274392e-05,1520.6775318868995,5.454471636746062,402198413.618649,2.5226093077687434e+18,2.0921893125041503e+25,0.33,0.433,73.73737373737373,31.928282828282825,39,549.0,0.6636889619319588,6.024397993167556
365563.5517548185,0.0,0.0,0.0,22631584.02512176,45057.42637728786,1.9263597756022298e-05,1420.4471072622503,5.148045527065518,379603357.0462453,2.522598178214613e+18,2.0921800819292325e+25,0.33,0.433,73.73737373737373,31.928282828282825,39,549.0,0.6636889619319588,6.024397993167556
456813.5517548185,0.0,0.0,0.0,19718829.07657291,39258.39607063152,1.6651489598910005e-05,1227.8371118388186,4.556796036319918,336006172.375105,2.522570354544159e+18,2.0921570056701466e+25,0.33,0.433,73.73737373737373,31.928282828282825,39,549.0,0.6636889619319588,6.024397993167556
548063.5517548185,0.0,0.0,0.0,17713186.795224864,35265.344619584044,1.4854581118121255e-05,1095.337799619042,4.146693475901288,305766286.60686266,2.522542531180568e+18,2.0921339296655654e+25,0.33,0.433,73.73737373737373,31.928282828282825,39,549.0,0.6636889619319588,6.024397993167556
639313.5517548185,0.0,0.0,0.0,16313156.809213778,32478.012192889248,1.360322089811568e-05,1003.0657833964086,3.8578363592778993,284466721.4417037,2.522514708123766e+18,2.092110853915426e+25,0.33,0.433,73.73737373737373,31.928282828282825,39,549.0,0.6636889619319588,6.024397993167556
730563.5517548185,0.0,0.0,0.0,15319504.332267275,30499.740443332124,1.2718096753897377e-05,937.7990535702105,3.6504346093006936,269173461.0898491,2.5224868853737574e+18,2.092087778419735e+25,0.33,0.433,73.73737373737373,31.928282828282825,39,549.0,0.6636889619319588,6.024397993167556
821813.5517548185,0.0,0.0,0.0,14599132.225101804,29065.545066339047,1.2079233358935285e-05,890.6909446487634,3.497869120209401,257923682.6012993,2.5224590629308626e+18,2.092064703178757e+25,0.33,0.433,73.73737373737373,31.928282828282825,39,549.0,0.6636889619319588,6.024397993167556
913063.5517548185,0.0,0.0,0.0,14062923.284770621,27998.001812406965,1.1606246366945982e-05,855.814126047532,3.382303393493792,249402169.41923922,2.522431240794769e+18,2.092041628192231e+25,0.33,0.433,73.73737373737373,31.928282828282825,39,549.0,0.6636889619319588,6.024397993167556
1095563.5517548185,0.0,0.0,0.0,13323598.881662246,26526.074137127558,1.096011559756266e-05,808.1701400222972,3.218280558035695,237307556.29960176,2.522375597443392e+18,2.0919954789828772e+25,0.33,0.433,73.73737373737373,31.928282828282825,39,549.0,0.6636889619319588,6.024397993167556
1460563.5517548185,0.0,0.0,0.0,12435621.324248994,24758.191545550268,1.0198345025418337e-05,751.9991786419582,3.0101683614075547,221961909.47752675,2.5222643144227656e+18,2.0919031836180337e+25,0.33,0.433,73.73737373737373,31.928282828282825,39,549.0,0.6636889619319588,6.024397993167556
1825563.5517548188,0.0,0.0,0.0,11805400.68536073,23503.479546309092,9.66629443331494e-06,712.7671652848389,2.8557994049647304,210579148.04285383,2.522153036311827e+18,2.0918108923251627e+25,0.33,0.433,73.73737373737373,31.928282828282825,39,549.0,0.6636889619319588,6.024397993167556
2190563.5517548188,0.0,0.0,0.0,11258449.893915828,22414.550243341513,9.206841831373033e-06,678.8883370608397,2.720072785303222,200571023.56276283,2.522041763110293e+18,2.09171860510403e+25,0.33,0.433,73.73737373737373,31.928282828282825,39,549.0,0.6636889619319588,6.024397993167556
2555563.5517548188,0.0,0.0,0.0,10756835.512938222,21415.88161212246,8.785996954925623e-06,647.8563411207783,2.595225108378425,191365083.74911618,2.521930494817815e+18,2.0916263219543463e+25,0.33,0.433,73.73737373737373,31.928282828282825,39,549.0,0.6636889619319588,6.024397993167556
2920563.5517548188,0.0,0.0,0.0,10290429.787784664,20487.31021386219,8.39482336038188e-06,619.0122275837143,2.4790722013522366,182800273.43304372,2.52181923143449e+18,2.0915340428761914e+25,0.33,0.433,73.73737373737373,31.928282828282825,39,549.0,0.6636889619319588,6.024397993167556
3285563.5517548188,0.0,0.0,0.0,9854950.544680964,19620.310629864827,8.029637336318114e-06,592.084369243659,2.3706146119191005,174802895.6263579,2.521707972959899e+18,2.0914417678692183e+25,0.33,0.433,73.73737373737373,31.928282828282825,39,549.0,0.6636889619319588,6.024397993167556
3650563.5517548188,0.0,0.0,0.0,9447502.690699652,18809.118993302036,7.687994139237453e-06,566.892497135691,2.2691453928441523,167320821.896589,2.5215967193938094e+18,2.091349496933234e+25,0.33,0.433,73.73737373737373,31.928282828282825,39,549.0,0.6636889619319588,6.024397993167556
7300563.551754818,0.0,0.0,0.0,6487520.372889163,12916.06328784297,5.207284062315157e-06,383.9714510596025,1.5323932997545047,112994657.4566453,2.5204844536561997e+18,2.090427011441039e+25,0.33,0.433,73.73737373737373,31.928282828282825,39,549.0,0.6636889619319588,6.024397993167556
18250563.551754817,0.0,0.0,0.0,2753392.230086297,5481.753621717264,2.085283585341838e-06,153.7633350807618,0.6056254475432895,44657229.97036377,2.51715059927185e+18,2.0876619956730804e+25,0.33,0.433,73.73737373737373,31.928282828282825,39,549.0,0.6636889619319588,6.024397993167556
36500563.55175482,0.0,0.0,0.0,966422.9974142285,1924.0603312156002,6.062242320236055e-07,44.70138276537697,0.16768367806447246,12364554.039097464,2.5116039717548544e+18,2.083061760997119e+25,0.33,0.433,73.73737373737373,31.928282828282825,39,549.0,0.6636889619319588,6.024397993167556
73000563.55175482,0.0,0.0,0.0,414888.29902304715,826.0048862367937,1.8027776915089413e-07,13.293209240419467,0.043429498112632414,3202377.133557744,2.5005473563393587e+18,2.0738916796319513e+25,0.33,0.433,73.73737373737373,31.928282828282825,39,549.0,0.6636889619319588,6.024397993167556
182500563.55175483,0.0,0.0,0.0,266602.62934762496,530.7815984284533,1.2285740748247915e-07,9.059182571940381,0.029582918895515804,2181366.746841064,2.467668695400762e+18,2.046622937376329e+25,0.33,0.433,73.73737373737373,31.928282828282825,39,549.0,0.6636889619319588,6.024397993167556
365000563.55175483,0.0,0.0,0.0,177894.12782782177,354.1710363117542,8.756428832386554e-08,6.456760654184024,0.020993390069727728,1547997.4495859838,2.413828801247029e+18,2.0019694705125174e+25,0.33,0.433,73.73737373737373,31.928282828282825,39,549.0,0.6636889619319588,6.024397993167556
