<?xml version='1.0' encoding='utf-8'?>
<geometry>
  <cell id="1" material="1" region="-1 -4 5" universe="1" />
  <cell id="2" material="2" region="2 -3 -4 5" universe="1" />
  <cell id="3" material="6" region="3 -4 5" universe="1" />
  <cell id="5" material="6" region="-6 7 -8 9 10 -11 5 -4" universe="3" />
  <cell id="6" material="2" name="fuel_ass_duct_cells" region="~(-6 7 -8 9 10 -11) (-12 13 -14 15 16 -17) 5 -4" universe="6" />
  <cell fill="5" id="7" region="-6 7 -8 9 10 -11 -4 5" universe="6" />
  <cell id="8" material="6" region="~(-12 13 -14 15 16 -17) -4 5" universe="6" />
  <cell id="9" material="3" name="ref_rod_cells" region="-30 -4 5" universe="7" />
  <cell id="10" material="6" region="30 -4 5" universe="7" />
  <cell id="11" material="6" name="ref_rod_out_cells" region="-18 19 -20 21 22 -23 5 -4" universe="8" />
  <cell id="12" material="2" name=" ref_duct_cells" region="~(-18 19 -20 21 22 -23) (-24 25 -26 27 28 -29) 5 -4" universe="11" />
  <cell fill="10" id="13" name="ref_ass_cells" region="-18 19 -20 21 22 -23 5 -4" universe="11" />
  <cell id="14" material="6" region="~(-24 25 -26 27 28 -29) -4 5" universe="11" />
  <cell id="15" material="6" region="-31 32 -33 34 35 -36 -4 5" universe="12" />
  <cell id="16" material="2" region="~(-31 32 -33 34 35 -36) (-37 38 -39 40 41 -42) -4 5" universe="12" />
  <cell id="17" material="6" region="~(-31 32 -33 34 35 -36) -4 5" universe="12" />
  <cell id="18" material="7" region="-43 44 -45 46 47 -48 -4 5" universe="13" />
  <cell id="19" material="6" region="~(-43 44 -45 46 47 -48) -4 5" universe="13" />
  <cell id="21" material="8" region="-55 57 -58" universe="15" />
  <cell fill="16" id="22" region="-55 57 -58" universe="17" />
  <cell id="23" material="8" region="55 -56 57 -58" universe="17" />
  <hex_lattice id="5" n_rings="9" name="fuel_ass_lattice" orientation="x">
    <pitch>0.9134</pitch>
    <outer>3</outer>
    <center>0 0</center>
    <universes>
        1 1 1 1 1 1 1 1 1
       1 1 1 1 1 1 1 1 1 1
      1 1 1 1 1 1 1 1 1 1 1
     1 1 1 1 1 1 1 1 1 1 1 1
    1 1 1 1 1 1 1 1 1 1 1 1 1
   1 1 1 1 1 1 1 1 1 1 1 1 1 1
  1 1 1 1 1 1 1 1 1 1 1 1 1 1 1
 1 1 1 1 1 1 1 1 1 1 1 1 1 1 1 1
1 1 1 1 1 1 1 1 1 1 1 1 1 1 1 1 1
 1 1 1 1 1 1 1 1 1 1 1 1 1 1 1 1
  1 1 1 1 1 1 1 1 1 1 1 1 1 1 1
   1 1 1 1 1 1 1 1 1 1 1 1 1 1
    1 1 1 1 1 1 1 1 1 1 1 1 1
     1 1 1 1 1 1 1 1 1 1 1 1
      1 1 1 1 1 1 1 1 1 1 1
       1 1 1 1 1 1 1 1 1 1
        1 1 1 1 1 1 1 1 1</universes>
  </hex_lattice>
  <hex_lattice id="10" n_rings="6" name="ref_ass_lattice" orientation="x">
    <pitch>1.4151</pitch>
    <outer>8</outer>
    <center>0 0</center>
    <universes>
     7 7 7 7 7 7
    7 7 7 7 7 7 7
   7 7 7 7 7 7 7 7
  7 7 7 7 7 7 7 7 7
 7 7 7 7 7 7 7 7 7 7
7 7 7 7 7 7 7 7 7 7 7
 7 7 7 7 7 7 7 7 7 7
  7 7 7 7 7 7 7 7 7
   7 7 7 7 7 7 7 7
    7 7 7 7 7 7 7
     7 7 7 7 7 7</universes>
  </hex_lattice>
  <hex_lattice id="16" n_rings="6" name="core_lattice">
    <pitch>14.685</pitch>
    <outer>15</outer>
    <center>0.0 0.0</center>
    <universes>
          13
        13  13
      13  11  13
    13  11  11  13
  13  11  11  11  13
13  11  11  11  11  13
  11  11  6   11  11
13  11  6   6   11  13
  11  6   6   6   11
13  11  6   6   11  13
  11  6   12  6   11
13  11  6   6   11  13
  11  6   6   6   11
13  11  6   6   11  13
  11  11  6   11  11
13  11  11  11  11  13
  13  11  11  11  13
    13  11  11  13
      13  11  13
        13  13
          13</universes>
  </hex_lattice>
  <surface coeffs="0.0 0.0 0.3501" id="1" type="z-cylinder" />
  <surface coeffs="0.0 0.0 0.3501" id="2" type="z-cylinder" />
  <surface coeffs="0.0 0.0 0.4057" id="3" type="z-cylinder" />
  <surface coeffs="0.5" id="4" type="z-plane" />
  <surface coeffs="-0.5" id="5" type="z-plane" />
  <surface coeffs="6.839522228927982" id="6" type="y-plane" />
  <surface coeffs="-6.839522228927982" id="7" type="y-plane" />
  <surface coeffs="1.7320508075688772 1.0 0.0 13.679044457855964" id="8" type="plane" />
  <surface coeffs="-1.7320508075688772 1.0 0.0 -13.679044457855964" id="9" type="plane" />
  <surface coeffs="1.7320508075688772 1.0 0.0 -13.679044457855964" id="10" type="plane" />
  <surface coeffs="-1.7320508075688772 1.0 0.0 13.679044457855964" id="11" type="plane" />
  <surface coeffs="7.141245479606481" id="12" type="y-plane" />
  <surface coeffs="-7.141245479606481" id="13" type="y-plane" />
  <surface coeffs="1.7320508075688772 1.0 0.0 14.282490959212963" id="14" type="plane" />
  <surface coeffs="-1.7320508075688772 1.0 0.0 -14.282490959212963" id="15" type="plane" />
  <surface coeffs="1.7320508075688772 1.0 0.0 -14.282490959212963" id="16" type="plane" />
  <surface coeffs="-1.7320508075688772 1.0 0.0 14.282490959212963" id="17" type="plane" />
  <surface coeffs="6.839522228927982" id="18" type="y-plane" />
  <surface coeffs="-6.839522228927982" id="19" type="y-plane" />
  <surface coeffs="1.7320508075688772 1.0 0.0 13.679044457855964" id="20" type="plane" />
  <surface coeffs="-1.7320508075688772 1.0 0.0 -13.679044457855964" id="21" type="plane" />
  <surface coeffs="1.7320508075688772 1.0 0.0 -13.679044457855964" id="22" type="plane" />
  <surface coeffs="-1.7320508075688772 1.0 0.0 13.679044457855964" id="23" type="plane" />
  <surface coeffs="7.141245479606481" id="24" type="y-plane" />
  <surface coeffs="-7.141245479606481" id="25" type="y-plane" />
  <surface coeffs="1.7320508075688772 1.0 0.0 14.282490959212963" id="26" type="plane" />
  <surface coeffs="-1.7320508075688772 1.0 0.0 -14.282490959212963" id="27" type="plane" />
  <surface coeffs="1.7320508075688772 1.0 0.0 -14.282490959212963" id="28" type="plane" />
  <surface coeffs="-1.7320508075688772 1.0 0.0 14.282490959212963" id="29" type="plane" />
  <surface coeffs="0.0 0.0 0.7068" id="30" type="z-cylinder" />
  <surface coeffs="6.839522228927982" id="31" type="y-plane" />
  <surface coeffs="-6.839522228927982" id="32" type="y-plane" />
  <surface coeffs="1.7320508075688772 1.0 0.0 13.679044457855964" id="33" type="plane" />
  <surface coeffs="-1.7320508075688772 1.0 0.0 -13.679044457855964" id="34" type="plane" />
  <surface coeffs="1.7320508075688772 1.0 0.0 -13.679044457855964" id="35" type="plane" />
  <surface coeffs="-1.7320508075688772 1.0 0.0 13.679044457855964" id="36" type="plane" />
  <surface coeffs="7.141245479606481" id="37" type="y-plane" />
  <surface coeffs="-7.141245479606481" id="38" type="y-plane" />
  <surface coeffs="1.7320508075688772 1.0 0.0 14.282490959212963" id="39" type="plane" />
  <surface coeffs="-1.7320508075688772 1.0 0.0 -14.282490959212963" id="40" type="plane" />
  <surface coeffs="1.7320508075688772 1.0 0.0 -14.282490959212963" id="41" type="plane" />
  <surface coeffs="-1.7320508075688772 1.0 0.0 14.282490959212963" id="42" type="plane" />
  <surface coeffs="7.141245479606481" id="43" type="y-plane" />
  <surface coeffs="-7.141245479606481" id="44" type="y-plane" />
  <surface coeffs="1.7320508075688772 1.0 0.0 14.282490959212963" id="45" type="plane" />
  <surface coeffs="-1.7320508075688772 1.0 0.0 -14.282490959212963" id="46" type="plane" />
  <surface coeffs="1.7320508075688772 1.0 0.0 -14.282490959212963" id="47" type="plane" />
  <surface coeffs="-1.7320508075688772 1.0 0.0 14.282490959212963" id="48" type="plane" />
  <surface coeffs="0.0 0.0 85.6956" id="55" type="z-cylinder" />
  <surface boundary="vacuum" coeffs="0.0 0.0 99.9782" id="56" type="z-cylinder" />
  <surface boundary="reflective" coeffs="-0.5" id="57" type="z-plane" />
  <surface boundary="reflective" coeffs="0.5" id="58" type="z-plane" />
</geometry>
