<?xml version='1.0' encoding='utf-8'?>
<materials>
  <cross_sections>/Users/harukowainwright/Documents/Projects/Chloe/Codes/nuclear_data/endfb71_hdf5/cross_sections.xml</cross_sections>

  <material depletable="true" id="1" name="UPuZr" volume="1504.0640578268658">
    <density units="g/cm3" value="15.8" />
    <nuclide ao="0.11572504439999999" name="Zr90" />
    <nuclide ao="0.025236831839999998" name="Zr91" />
    <nuclide ao="0.0385750148" name="Zr92" />
    <nuclide ao="0.03909234736" name="Zr94" />
    <nuclide ao="0.0062979616" name="Zr96" />
    <nuclide ao="0.004435468167" name="Mo92" />
    <nuclide ao="0.002781667421" name="Mo94" />
    <nuclide ao="0.004806074559" name="Mo95" />
    <nuclide ao="0.0050483009589999996" name="Mo96" />
    <nuclide ao="0.002901266706" name="Mo97" />
    <nuclide ao="0.007355204636" name="Mo98" />
    <nuclide ao="0.002950317552" name="Mo100" />
    <nuclide ao="5e-07" name="U234" />
    <nuclide ao="0.0009796" name="U235" />
    <nuclide ao="5.73e-05" name="U236" />
    <nuclide ao="0.5957002" name="U238" />
    <nuclide ao="9.64e-05" name="Np237" />
    <nuclide ao="3.05e-05" name="Pu238" />
    <nuclide ao="0.1328137" name="Pu239" />
    <nuclide ao="0.0140674" name="Pu240" />
    <nuclide ao="0.0009111" name="Pu241" />
    <nuclide ao="6.36e-05" name="Pu242" />
    <nuclide ao="6.87e-05" name="Am241" />
    <nuclide ao="1.3e-06" name="Am242" />
    <nuclide ao="2.3e-06" name="Am243" />
    <nuclide ao="1.7e-06" name="Cm242" />
    <nuclide ao="2e-07" name="Cm244" />
  </material>
  <material id="2" name="HT_9" temperature="735.65">
    <density units="g/cm3" value="6.551" />
    <nuclide name="N14" wo="0.0010956849346400977" />
    <nuclide name="N15" wo="4.315065359902303e-06" />
    <nuclide name="Si28" wo="0.00036749406913180185" />
    <nuclide name="Si29" wo="1.9327001171382696e-05" />
    <nuclide name="Si30" wo="1.3178929696815492e-05" />
    <nuclide name="V50" wo="7.10848973110297e-06" />
    <nuclide name="V51" wo="0.002892891510268897" />
    <nuclide name="Cr50" wo="0.005091897574447525" />
    <nuclide name="Cr52" wo="0.1021132220701777" />
    <nuclide name="Cr53" wo="0.011801776002256336" />
    <nuclide name="Cr54" wo="0.0029931043531184437" />
    <nuclide name="Mn55" wo="0.0058" />
    <nuclide name="Fe54" wo="0.047721903687759804" />
    <nuclide name="Fe56" wo="0.7768436227078593" />
    <nuclide name="Fe57" wo="0.018261595922743602" />
    <nuclide name="Fe58" wo="0.002472877681637318" />
    <nuclide name="Ni58" wo="0.004636641665711701" />
    <nuclide name="Ni60" wo="0.0018475414399147432" />
    <nuclide name="Ni61" wo="8.165177687545445e-05" />
    <nuclide name="Ni62" wo="0.00026460273886515484" />
    <nuclide name="Ni64" wo="6.956237863294566e-05" />
    <nuclide name="Mo92" wo="0.0012628702242414587" />
    <nuclide name="Mo94" wo="0.0008092186542946096" />
    <nuclide name="Mo95" wo="0.0014130417950779842" />
    <nuclide name="Mo96" wo="0.0014998802716594377" />
    <nuclide name="Mo97" wo="0.0008709835956628888" />
    <nuclide name="Mo98" wo="0.0022308635120104436" />
    <nuclide name="Mo100" wo="0.0009131419470531771" />
    <nuclide name="W180" wo="5.872877658666709e-06" />
    <nuclide name="W182" wo="0.0013113524738525102" />
    <nuclide name="W183" wo="0.0007120301264373436" />
    <nuclide name="W184" wo="0.001532909604364281" />
    <nuclide name="W186" wo="0.001437834917687199" />
    <nuclide name="C0" wo="0.0016" />
  </material>
  <material id="3" name="reflector" temperature="705.65">
    <density units="g/cm3" value="6.551" />
    <nuclide ao="0.0055290125" name="Cr50" />
    <nuclide ao="0.1066215025" name="Cr52" />
    <nuclide ao="0.0120900225" name="Cr53" />
    <nuclide ao="0.0030094625000000002" name="Cr54" />
    <nuclide ao="0.00564" name="Mn55" />
    <nuclide ao="0.050022679" name="Fe54" />
    <nuclide ao="0.7852490828" name="Fe56" />
    <nuclide ao="0.0181348258" name="Fe57" />
    <nuclide ao="0.0024134124" name="Fe58" />
    <nuclide ao="0.00359446032" name="Ni58" />
    <nuclide ao="0.00138457968" name="Ni60" />
    <nuclide ao="6.018672e-05" name="Ni61" />
    <nuclide ao="0.0001919016" name="Ni62" />
    <nuclide ao="4.887168e-05" name="Ni64" />
    <nuclide ao="0.0008818698000000001" name="Mo92" />
    <nuclide ao="0.0005530574" name="Mo94" />
    <nuclide ao="0.0009555546" name="Mo95" />
    <nuclide ao="0.0010037146" name="Mo96" />
    <nuclide ao="0.0005768364" name="Mo97" />
    <nuclide ao="0.0014623784" name="Mo98" />
    <nuclide ao="0.0005865888" name="Mo100" />
  </material>
  <material id="6" name="coolant" temperature="705.65">
    <density units="g/cm3" value="0.025029462102520706" />
    <nuclide ao="1.0" name="Na23" />
  </material>
  <material id="7" name="shield" temperature="628.15">
    <density units="g/cm3" value="4.14" />
    <nuclide ao="0.1141" name="B10" />
    <nuclide ao="0.4593" name="B11" />
    <nuclide ao="0.0537" name="Na23" />
    <nuclide ao="0.0019118" name="Cr50" />
    <nuclide ao="0.036867159999999996" name="Cr52" />
    <nuclide ao="0.00418044" name="Cr53" />
    <nuclide ao="0.0010406" name="Cr54" />
    <nuclide ao="0.0019" name="Mn55" />
    <nuclide ao="0.017295355000000002" name="Fe54" />
    <nuclide ao="0.27150008600000003" name="Fe56" />
    <nuclide ao="0.006270121" name="Fe57" />
    <nuclide ao="0.000834438" name="Fe58" />
    <nuclide ao="0.0012253841999999998" name="Ni58" />
    <nuclide ao="0.00047201579999999995" name="Ni60" />
    <nuclide ao="2.05182e-05" name="Ni61" />
    <nuclide ao="6.5421e-05" name="Ni62" />
    <nuclide ao="1.66608e-05" name="Ni64" />
    <nuclide ao="0.00029298000000000003" name="Mo92" />
    <nuclide ao="0.00018374" name="Mo94" />
    <nuclide ao="0.00031746000000000004" name="Mo95" />
    <nuclide ao="0.00033346" name="Mo96" />
    <nuclide ao="0.00019164" name="Mo97" />
    <nuclide ao="0.00048584" name="Mo98" />
    <nuclide ao="0.00019488" name="Mo100" />
    <nuclide ao="0.02706" name="C0" />
  </material>
  <material id="8" name="barrel" temperature="628.15">
    <density units="g/cm3" value="3.92" />
    <nuclide ao="0.5617" name="Na23" />
    <nuclide ao="0.00264176" name="Cr50" />
    <nuclide ao="0.050943712" name="Cr52" />
    <nuclide ao="0.005776608" name="Cr53" />
    <nuclide ao="0.00143792" name="Cr54" />
    <nuclide ao="0.0009" name="Mn55" />
    <nuclide ao="0.01744148" name="Fe54" />
    <nuclide ao="0.273793936" name="Fe56" />
    <nuclide ao="0.006323096" name="Fe57" />
    <nuclide ao="0.000841488" name="Fe58" />
    <nuclide ao="0.041731139699999996" name="Ni58" />
    <nuclide ao="0.0160747603" name="Ni60" />
    <nuclide ao="0.0006987587" name="Ni61" />
    <nuclide ao="0.0022279485" name="Ni62" />
    <nuclide ao="0.0005673928000000001" name="Ni64" />
    <nuclide ao="0.0012012180000000002" name="Mo92" />
    <nuclide ao="0.000753334" name="Mo94" />
    <nuclide ao="0.0013015860000000002" name="Mo95" />
    <nuclide ao="0.001367186" name="Mo96" />
    <nuclide ao="0.0007857240000000001" name="Mo97" />
    <nuclide ao="0.0019919440000000003" name="Mo98" />
    <nuclide ao="0.000799008" name="Mo100" />
  </material>
</materials>
