<?xml version='1.0' encoding='utf-8'?>
<cross_sections>
  <library materials="H1" path="neutron/H1.h5" type="neutron" />
  <library materials="H2" path="neutron/H2.h5" type="neutron" />
  <library materials="H3" path="neutron/H3.h5" type="neutron" />
  <library materials="He3" path="neutron/He3.h5" type="neutron" />
  <library materials="He4" path="neutron/He4.h5" type="neutron" />
  <library materials="Li6" path="neutron/Li6.h5" type="neutron" />
  <library materials="Li7" path="neutron/Li7.h5" type="neutron" />
  <library materials="Be7" path="neutron/Be7.h5" type="neutron" />
  <library materials="Be9" path="neutron/Be9.h5" type="neutron" />
  <library materials="B10" path="neutron/B10.h5" type="neutron" />
  <library materials="B11" path="neutron/B11.h5" type="neutron" />
  <library materials="C0" path="neutron/C0.h5" type="neutron" />
  <library materials="N14" path="neutron/N14.h5" type="neutron" />
  <library materials="N15" path="neutron/N15.h5" type="neutron" />
  <library materials="O16" path="neutron/O16.h5" type="neutron" />
  <library materials="O17" path="neutron/O17.h5" type="neutron" />
  <library materials="F19" path="neutron/F19.h5" type="neutron" />
  <library materials="Na22" path="neutron/Na22.h5" type="neutron" />
  <library materials="Na23" path="neutron/Na23.h5" type="neutron" />
  <library materials="Mg24" path="neutron/Mg24.h5" type="neutron" />
  <library materials="Mg25" path="neutron/Mg25.h5" type="neutron" />
  <library materials="Mg26" path="neutron/Mg26.h5" type="neutron" />
  <library materials="Al27" path="neutron/Al27.h5" type="neutron" />
  <library materials="Si28" path="neutron/Si28.h5" type="neutron" />
  <library materials="Si29" path="neutron/Si29.h5" type="neutron" />
  <library materials="Si30" path="neutron/Si30.h5" type="neutron" />
  <library materials="P31" path="neutron/P31.h5" type="neutron" />
  <library materials="S32" path="neutron/S32.h5" type="neutron" />
  <library materials="S33" path="neutron/S33.h5" type="neutron" />
  <library materials="S34" path="neutron/S34.h5" type="neutron" />
  <library materials="S36" path="neutron/S36.h5" type="neutron" />
  <library materials="Cl35" path="neutron/Cl35.h5" type="neutron" />
  <library materials="Cl37" path="neutron/Cl37.h5" type="neutron" />
  <library materials="Ar36" path="neutron/Ar36.h5" type="neutron" />
  <library materials="Ar38" path="neutron/Ar38.h5" type="neutron" />
  <library materials="Ar40" path="neutron/Ar40.h5" type="neutron" />
  <library materials="K39" path="neutron/K39.h5" type="neutron" />
  <library materials="K40" path="neutron/K40.h5" type="neutron" />
  <library materials="K41" path="neutron/K41.h5" type="neutron" />
  <library materials="Ca40" path="neutron/Ca40.h5" type="neutron" />
  <library materials="Ca42" path="neutron/Ca42.h5" type="neutron" />
  <library materials="Ca43" path="neutron/Ca43.h5" type="neutron" />
  <library materials="Ca44" path="neutron/Ca44.h5" type="neutron" />
  <library materials="Ca46" path="neutron/Ca46.h5" type="neutron" />
  <library materials="Ca48" path="neutron/Ca48.h5" type="neutron" />
  <library materials="Sc45" path="neutron/Sc45.h5" type="neutron" />
  <library materials="Ti46" path="neutron/Ti46.h5" type="neutron" />
  <library materials="Ti47" path="neutron/Ti47.h5" type="neutron" />
  <library materials="Ti48" path="neutron/Ti48.h5" type="neutron" />
  <library materials="Ti49" path="neutron/Ti49.h5" type="neutron" />
  <library materials="Ti50" path="neutron/Ti50.h5" type="neutron" />
  <library materials="V50" path="neutron/V50.h5" type="neutron" />
  <library materials="V51" path="neutron/V51.h5" type="neutron" />
  <library materials="Cr50" path="neutron/Cr50.h5" type="neutron" />
  <library materials="Cr52" path="neutron/Cr52.h5" type="neutron" />
  <library materials="Cr53" path="neutron/Cr53.h5" type="neutron" />
  <library materials="Cr54" path="neutron/Cr54.h5" type="neutron" />
  <library materials="Mn55" path="neutron/Mn55.h5" type="neutron" />
  <library materials="Fe54" path="neutron/Fe54.h5" type="neutron" />
  <library materials="Fe56" path="neutron/Fe56.h5" type="neutron" />
  <library materials="Fe57" path="neutron/Fe57.h5" type="neutron" />
  <library materials="Fe58" path="neutron/Fe58.h5" type="neutron" />
  <library materials="Co58" path="neutron/Co58.h5" type="neutron" />
  <library materials="Co58_m1" path="neutron/Co58_m1.h5" type="neutron" />
  <library materials="Co59" path="neutron/Co59.h5" type="neutron" />
  <library materials="Ni58" path="neutron/Ni58.h5" type="neutron" />
  <library materials="Ni59" path="neutron/Ni59.h5" type="neutron" />
  <library materials="Ni60" path="neutron/Ni60.h5" type="neutron" />
  <library materials="Ni61" path="neutron/Ni61.h5" type="neutron" />
  <library materials="Ni62" path="neutron/Ni62.h5" type="neutron" />
  <library materials="Ni64" path="neutron/Ni64.h5" type="neutron" />
  <library materials="Cu63" path="neutron/Cu63.h5" type="neutron" />
  <library materials="Cu65" path="neutron/Cu65.h5" type="neutron" />
  <library materials="Zn64" path="neutron/Zn64.h5" type="neutron" />
  <library materials="Zn65" path="neutron/Zn65.h5" type="neutron" />
  <library materials="Zn66" path="neutron/Zn66.h5" type="neutron" />
  <library materials="Zn67" path="neutron/Zn67.h5" type="neutron" />
  <library materials="Zn68" path="neutron/Zn68.h5" type="neutron" />
  <library materials="Zn70" path="neutron/Zn70.h5" type="neutron" />
  <library materials="Ga69" path="neutron/Ga69.h5" type="neutron" />
  <library materials="Ga71" path="neutron/Ga71.h5" type="neutron" />
  <library materials="Ge70" path="neutron/Ge70.h5" type="neutron" />
  <library materials="Ge72" path="neutron/Ge72.h5" type="neutron" />
  <library materials="Ge73" path="neutron/Ge73.h5" type="neutron" />
  <library materials="Ge74" path="neutron/Ge74.h5" type="neutron" />
  <library materials="Ge76" path="neutron/Ge76.h5" type="neutron" />
  <library materials="As74" path="neutron/As74.h5" type="neutron" />
  <library materials="As75" path="neutron/As75.h5" type="neutron" />
  <library materials="Se74" path="neutron/Se74.h5" type="neutron" />
  <library materials="Se76" path="neutron/Se76.h5" type="neutron" />
  <library materials="Se77" path="neutron/Se77.h5" type="neutron" />
  <library materials="Se78" path="neutron/Se78.h5" type="neutron" />
  <library materials="Se79" path="neutron/Se79.h5" type="neutron" />
  <library materials="Se80" path="neutron/Se80.h5" type="neutron" />
  <library materials="Se82" path="neutron/Se82.h5" type="neutron" />
  <library materials="Br79" path="neutron/Br79.h5" type="neutron" />
  <library materials="Br81" path="neutron/Br81.h5" type="neutron" />
  <library materials="Kr78" path="neutron/Kr78.h5" type="neutron" />
  <library materials="Kr80" path="neutron/Kr80.h5" type="neutron" />
  <library materials="Kr82" path="neutron/Kr82.h5" type="neutron" />
  <library materials="Kr83" path="neutron/Kr83.h5" type="neutron" />
  <library materials="Kr84" path="neutron/Kr84.h5" type="neutron" />
  <library materials="Kr85" path="neutron/Kr85.h5" type="neutron" />
  <library materials="Kr86" path="neutron/Kr86.h5" type="neutron" />
  <library materials="Rb85" path="neutron/Rb85.h5" type="neutron" />
  <library materials="Rb86" path="neutron/Rb86.h5" type="neutron" />
  <library materials="Rb87" path="neutron/Rb87.h5" type="neutron" />
  <library materials="Sr84" path="neutron/Sr84.h5" type="neutron" />
  <library materials="Sr86" path="neutron/Sr86.h5" type="neutron" />
  <library materials="Sr87" path="neutron/Sr87.h5" type="neutron" />
  <library materials="Sr88" path="neutron/Sr88.h5" type="neutron" />
  <library materials="Sr89" path="neutron/Sr89.h5" type="neutron" />
  <library materials="Sr90" path="neutron/Sr90.h5" type="neutron" />
  <library materials="Y89" path="neutron/Y89.h5" type="neutron" />
  <library materials="Y90" path="neutron/Y90.h5" type="neutron" />
  <library materials="Y91" path="neutron/Y91.h5" type="neutron" />
  <library materials="Zr90" path="neutron/Zr90.h5" type="neutron" />
  <library materials="Zr91" path="neutron/Zr91.h5" type="neutron" />
  <library materials="Zr92" path="neutron/Zr92.h5" type="neutron" />
  <library materials="Zr93" path="neutron/Zr93.h5" type="neutron" />
  <library materials="Zr94" path="neutron/Zr94.h5" type="neutron" />
  <library materials="Zr95" path="neutron/Zr95.h5" type="neutron" />
  <library materials="Zr96" path="neutron/Zr96.h5" type="neutron" />
  <library materials="Nb93" path="neutron/Nb93.h5" type="neutron" />
  <library materials="Nb94" path="neutron/Nb94.h5" type="neutron" />
  <library materials="Nb95" path="neutron/Nb95.h5" type="neutron" />
  <library materials="Mo92" path="neutron/Mo92.h5" type="neutron" />
  <library materials="Mo94" path="neutron/Mo94.h5" type="neutron" />
  <library materials="Mo95" path="neutron/Mo95.h5" type="neutron" />
  <library materials="Mo96" path="neutron/Mo96.h5" type="neutron" />
  <library materials="Mo97" path="neutron/Mo97.h5" type="neutron" />
  <library materials="Mo98" path="neutron/Mo98.h5" type="neutron" />
  <library materials="Mo99" path="neutron/Mo99.h5" type="neutron" />
  <library materials="Mo100" path="neutron/Mo100.h5" type="neutron" />
  <library materials="Tc99" path="neutron/Tc99.h5" type="neutron" />
  <library materials="Ru96" path="neutron/Ru96.h5" type="neutron" />
  <library materials="Ru98" path="neutron/Ru98.h5" type="neutron" />
  <library materials="Ru99" path="neutron/Ru99.h5" type="neutron" />
  <library materials="Ru100" path="neutron/Ru100.h5" type="neutron" />
  <library materials="Ru101" path="neutron/Ru101.h5" type="neutron" />
  <library materials="Ru102" path="neutron/Ru102.h5" type="neutron" />
  <library materials="Ru103" path="neutron/Ru103.h5" type="neutron" />
  <library materials="Ru104" path="neutron/Ru104.h5" type="neutron" />
  <library materials="Ru105" path="neutron/Ru105.h5" type="neutron" />
  <library materials="Ru106" path="neutron/Ru106.h5" type="neutron" />
  <library materials="Rh103" path="neutron/Rh103.h5" type="neutron" />
  <library materials="Rh105" path="neutron/Rh105.h5" type="neutron" />
  <library materials="Pd102" path="neutron/Pd102.h5" type="neutron" />
  <library materials="Pd104" path="neutron/Pd104.h5" type="neutron" />
  <library materials="Pd105" path="neutron/Pd105.h5" type="neutron" />
  <library materials="Pd106" path="neutron/Pd106.h5" type="neutron" />
  <library materials="Pd107" path="neutron/Pd107.h5" type="neutron" />
  <library materials="Pd108" path="neutron/Pd108.h5" type="neutron" />
  <library materials="Pd110" path="neutron/Pd110.h5" type="neutron" />
  <library materials="Ag107" path="neutron/Ag107.h5" type="neutron" />
  <library materials="Ag109" path="neutron/Ag109.h5" type="neutron" />
  <library materials="Ag110_m1" path="neutron/Ag110_m1.h5" type="neutron" />
  <library materials="Ag111" path="neutron/Ag111.h5" type="neutron" />
  <library materials="Cd106" path="neutron/Cd106.h5" type="neutron" />
  <library materials="Cd108" path="neutron/Cd108.h5" type="neutron" />
  <library materials="Cd110" path="neutron/Cd110.h5" type="neutron" />
  <library materials="Cd111" path="neutron/Cd111.h5" type="neutron" />
  <library materials="Cd112" path="neutron/Cd112.h5" type="neutron" />
  <library materials="Cd113" path="neutron/Cd113.h5" type="neutron" />
  <library materials="Cd114" path="neutron/Cd114.h5" type="neutron" />
  <library materials="Cd115_m1" path="neutron/Cd115_m1.h5" type="neutron" />
  <library materials="Cd116" path="neutron/Cd116.h5" type="neutron" />
  <library materials="In113" path="neutron/In113.h5" type="neutron" />
  <library materials="In115" path="neutron/In115.h5" type="neutron" />
  <library materials="Sn112" path="neutron/Sn112.h5" type="neutron" />
  <library materials="Sn113" path="neutron/Sn113.h5" type="neutron" />
  <library materials="Sn114" path="neutron/Sn114.h5" type="neutron" />
  <library materials="Sn115" path="neutron/Sn115.h5" type="neutron" />
  <library materials="Sn116" path="neutron/Sn116.h5" type="neutron" />
  <library materials="Sn117" path="neutron/Sn117.h5" type="neutron" />
  <library materials="Sn118" path="neutron/Sn118.h5" type="neutron" />
  <library materials="Sn119" path="neutron/Sn119.h5" type="neutron" />
  <library materials="Sn120" path="neutron/Sn120.h5" type="neutron" />
  <library materials="Sn122" path="neutron/Sn122.h5" type="neutron" />
  <library materials="Sn123" path="neutron/Sn123.h5" type="neutron" />
  <library materials="Sn124" path="neutron/Sn124.h5" type="neutron" />
  <library materials="Sn125" path="neutron/Sn125.h5" type="neutron" />
  <library materials="Sn126" path="neutron/Sn126.h5" type="neutron" />
  <library materials="Sb121" path="neutron/Sb121.h5" type="neutron" />
  <library materials="Sb123" path="neutron/Sb123.h5" type="neutron" />
  <library materials="Sb124" path="neutron/Sb124.h5" type="neutron" />
  <library materials="Sb125" path="neutron/Sb125.h5" type="neutron" />
  <library materials="Sb126" path="neutron/Sb126.h5" type="neutron" />
  <library materials="Te120" path="neutron/Te120.h5" type="neutron" />
  <library materials="Te122" path="neutron/Te122.h5" type="neutron" />
  <library materials="Te123" path="neutron/Te123.h5" type="neutron" />
  <library materials="Te124" path="neutron/Te124.h5" type="neutron" />
  <library materials="Te125" path="neutron/Te125.h5" type="neutron" />
  <library materials="Te126" path="neutron/Te126.h5" type="neutron" />
  <library materials="Te127_m1" path="neutron/Te127_m1.h5" type="neutron" />
  <library materials="Te128" path="neutron/Te128.h5" type="neutron" />
  <library materials="Te129_m1" path="neutron/Te129_m1.h5" type="neutron" />
  <library materials="Te130" path="neutron/Te130.h5" type="neutron" />
  <library materials="Te132" path="neutron/Te132.h5" type="neutron" />
  <library materials="I127" path="neutron/I127.h5" type="neutron" />
  <library materials="I129" path="neutron/I129.h5" type="neutron" />
  <library materials="I130" path="neutron/I130.h5" type="neutron" />
  <library materials="I131" path="neutron/I131.h5" type="neutron" />
  <library materials="I135" path="neutron/I135.h5" type="neutron" />
  <library materials="Xe123" path="neutron/Xe123.h5" type="neutron" />
  <library materials="Xe124" path="neutron/Xe124.h5" type="neutron" />
  <library materials="Xe126" path="neutron/Xe126.h5" type="neutron" />
  <library materials="Xe128" path="neutron/Xe128.h5" type="neutron" />
  <library materials="Xe129" path="neutron/Xe129.h5" type="neutron" />
  <library materials="Xe130" path="neutron/Xe130.h5" type="neutron" />
  <library materials="Xe131" path="neutron/Xe131.h5" type="neutron" />
  <library materials="Xe132" path="neutron/Xe132.h5" type="neutron" />
  <library materials="Xe133" path="neutron/Xe133.h5" type="neutron" />
  <library materials="Xe134" path="neutron/Xe134.h5" type="neutron" />
  <library materials="Xe135" path="neutron/Xe135.h5" type="neutron" />
  <library materials="Xe136" path="neutron/Xe136.h5" type="neutron" />
  <library materials="Cs133" path="neutron/Cs133.h5" type="neutron" />
  <library materials="Cs134" path="neutron/Cs134.h5" type="neutron" />
  <library materials="Cs135" path="neutron/Cs135.h5" type="neutron" />
  <library materials="Cs136" path="neutron/Cs136.h5" type="neutron" />
  <library materials="Cs137" path="neutron/Cs137.h5" type="neutron" />
  <library materials="Ba130" path="neutron/Ba130.h5" type="neutron" />
  <library materials="Ba132" path="neutron/Ba132.h5" type="neutron" />
  <library materials="Ba133" path="neutron/Ba133.h5" type="neutron" />
  <library materials="Ba134" path="neutron/Ba134.h5" type="neutron" />
  <library materials="Ba135" path="neutron/Ba135.h5" type="neutron" />
  <library materials="Ba136" path="neutron/Ba136.h5" type="neutron" />
  <library materials="Ba137" path="neutron/Ba137.h5" type="neutron" />
  <library materials="Ba138" path="neutron/Ba138.h5" type="neutron" />
  <library materials="Ba140" path="neutron/Ba140.h5" type="neutron" />
  <library materials="La138" path="neutron/La138.h5" type="neutron" />
  <library materials="La139" path="neutron/La139.h5" type="neutron" />
  <library materials="La140" path="neutron/La140.h5" type="neutron" />
  <library materials="Ce136" path="neutron/Ce136.h5" type="neutron" />
  <library materials="Ce138" path="neutron/Ce138.h5" type="neutron" />
  <library materials="Ce139" path="neutron/Ce139.h5" type="neutron" />
  <library materials="Ce140" path="neutron/Ce140.h5" type="neutron" />
  <library materials="Ce141" path="neutron/Ce141.h5" type="neutron" />
  <library materials="Ce142" path="neutron/Ce142.h5" type="neutron" />
  <library materials="Ce143" path="neutron/Ce143.h5" type="neutron" />
  <library materials="Ce144" path="neutron/Ce144.h5" type="neutron" />
  <library materials="Pr141" path="neutron/Pr141.h5" type="neutron" />
  <library materials="Pr142" path="neutron/Pr142.h5" type="neutron" />
  <library materials="Pr143" path="neutron/Pr143.h5" type="neutron" />
  <library materials="Nd142" path="neutron/Nd142.h5" type="neutron" />
  <library materials="Nd143" path="neutron/Nd143.h5" type="neutron" />
  <library materials="Nd144" path="neutron/Nd144.h5" type="neutron" />
  <library materials="Nd145" path="neutron/Nd145.h5" type="neutron" />
  <library materials="Nd146" path="neutron/Nd146.h5" type="neutron" />
  <library materials="Nd147" path="neutron/Nd147.h5" type="neutron" />
  <library materials="Nd148" path="neutron/Nd148.h5" type="neutron" />
  <library materials="Nd150" path="neutron/Nd150.h5" type="neutron" />
  <library materials="Pm147" path="neutron/Pm147.h5" type="neutron" />
  <library materials="Pm148" path="neutron/Pm148.h5" type="neutron" />
  <library materials="Pm148_m1" path="neutron/Pm148_m1.h5" type="neutron" />
  <library materials="Pm149" path="neutron/Pm149.h5" type="neutron" />
  <library materials="Pm151" path="neutron/Pm151.h5" type="neutron" />
  <library materials="Sm144" path="neutron/Sm144.h5" type="neutron" />
  <library materials="Sm147" path="neutron/Sm147.h5" type="neutron" />
  <library materials="Sm148" path="neutron/Sm148.h5" type="neutron" />
  <library materials="Sm149" path="neutron/Sm149.h5" type="neutron" />
  <library materials="Sm150" path="neutron/Sm150.h5" type="neutron" />
  <library materials="Sm151" path="neutron/Sm151.h5" type="neutron" />
  <library materials="Sm152" path="neutron/Sm152.h5" type="neutron" />
  <library materials="Sm153" path="neutron/Sm153.h5" type="neutron" />
  <library materials="Sm154" path="neutron/Sm154.h5" type="neutron" />
  <library materials="Eu151" path="neutron/Eu151.h5" type="neutron" />
  <library materials="Eu152" path="neutron/Eu152.h5" type="neutron" />
  <library materials="Eu153" path="neutron/Eu153.h5" type="neutron" />
  <library materials="Eu154" path="neutron/Eu154.h5" type="neutron" />
  <library materials="Eu155" path="neutron/Eu155.h5" type="neutron" />
  <library materials="Eu156" path="neutron/Eu156.h5" type="neutron" />
  <library materials="Eu157" path="neutron/Eu157.h5" type="neutron" />
  <library materials="Gd152" path="neutron/Gd152.h5" type="neutron" />
  <library materials="Gd153" path="neutron/Gd153.h5" type="neutron" />
  <library materials="Gd154" path="neutron/Gd154.h5" type="neutron" />
  <library materials="Gd155" path="neutron/Gd155.h5" type="neutron" />
  <library materials="Gd156" path="neutron/Gd156.h5" type="neutron" />
  <library materials="Gd157" path="neutron/Gd157.h5" type="neutron" />
  <library materials="Gd158" path="neutron/Gd158.h5" type="neutron" />
  <library materials="Gd160" path="neutron/Gd160.h5" type="neutron" />
  <library materials="Tb159" path="neutron/Tb159.h5" type="neutron" />
  <library materials="Tb160" path="neutron/Tb160.h5" type="neutron" />
  <library materials="Dy156" path="neutron/Dy156.h5" type="neutron" />
  <library materials="Dy158" path="neutron/Dy158.h5" type="neutron" />
  <library materials="Dy160" path="neutron/Dy160.h5" type="neutron" />
  <library materials="Dy161" path="neutron/Dy161.h5" type="neutron" />
  <library materials="Dy162" path="neutron/Dy162.h5" type="neutron" />
  <library materials="Dy163" path="neutron/Dy163.h5" type="neutron" />
  <library materials="Dy164" path="neutron/Dy164.h5" type="neutron" />
  <library materials="Ho165" path="neutron/Ho165.h5" type="neutron" />
  <library materials="Ho166_m1" path="neutron/Ho166_m1.h5" type="neutron" />
  <library materials="Er162" path="neutron/Er162.h5" type="neutron" />
  <library materials="Er164" path="neutron/Er164.h5" type="neutron" />
  <library materials="Er166" path="neutron/Er166.h5" type="neutron" />
  <library materials="Er167" path="neutron/Er167.h5" type="neutron" />
  <library materials="Er168" path="neutron/Er168.h5" type="neutron" />
  <library materials="Er170" path="neutron/Er170.h5" type="neutron" />
  <library materials="Tm168" path="neutron/Tm168.h5" type="neutron" />
  <library materials="Tm169" path="neutron/Tm169.h5" type="neutron" />
  <library materials="Tm170" path="neutron/Tm170.h5" type="neutron" />
  <library materials="Lu175" path="neutron/Lu175.h5" type="neutron" />
  <library materials="Lu176" path="neutron/Lu176.h5" type="neutron" />
  <library materials="Hf174" path="neutron/Hf174.h5" type="neutron" />
  <library materials="Hf176" path="neutron/Hf176.h5" type="neutron" />
  <library materials="Hf177" path="neutron/Hf177.h5" type="neutron" />
  <library materials="Hf178" path="neutron/Hf178.h5" type="neutron" />
  <library materials="Hf179" path="neutron/Hf179.h5" type="neutron" />
  <library materials="Hf180" path="neutron/Hf180.h5" type="neutron" />
  <library materials="Ta180" path="neutron/Ta180.h5" type="neutron" />
  <library materials="Ta181" path="neutron/Ta181.h5" type="neutron" />
  <library materials="Ta182" path="neutron/Ta182.h5" type="neutron" />
  <library materials="W180" path="neutron/W180.h5" type="neutron" />
  <library materials="W182" path="neutron/W182.h5" type="neutron" />
  <library materials="W183" path="neutron/W183.h5" type="neutron" />
  <library materials="W184" path="neutron/W184.h5" type="neutron" />
  <library materials="W186" path="neutron/W186.h5" type="neutron" />
  <library materials="Re185" path="neutron/Re185.h5" type="neutron" />
  <library materials="Re187" path="neutron/Re187.h5" type="neutron" />
  <library materials="Ir191" path="neutron/Ir191.h5" type="neutron" />
  <library materials="Ir193" path="neutron/Ir193.h5" type="neutron" />
  <library materials="Au197" path="neutron/Au197.h5" type="neutron" />
  <library materials="Hg196" path="neutron/Hg196.h5" type="neutron" />
  <library materials="Hg198" path="neutron/Hg198.h5" type="neutron" />
  <library materials="Hg199" path="neutron/Hg199.h5" type="neutron" />
  <library materials="Hg200" path="neutron/Hg200.h5" type="neutron" />
  <library materials="Hg201" path="neutron/Hg201.h5" type="neutron" />
  <library materials="Hg202" path="neutron/Hg202.h5" type="neutron" />
  <library materials="Hg204" path="neutron/Hg204.h5" type="neutron" />
  <library materials="Tl203" path="neutron/Tl203.h5" type="neutron" />
  <library materials="Tl205" path="neutron/Tl205.h5" type="neutron" />
  <library materials="Pb204" path="neutron/Pb204.h5" type="neutron" />
  <library materials="Pb206" path="neutron/Pb206.h5" type="neutron" />
  <library materials="Pb207" path="neutron/Pb207.h5" type="neutron" />
  <library materials="Pb208" path="neutron/Pb208.h5" type="neutron" />
  <library materials="Bi209" path="neutron/Bi209.h5" type="neutron" />
  <library materials="Ra223" path="neutron/Ra223.h5" type="neutron" />
  <library materials="Ra224" path="neutron/Ra224.h5" type="neutron" />
  <library materials="Ra225" path="neutron/Ra225.h5" type="neutron" />
  <library materials="Ra226" path="neutron/Ra226.h5" type="neutron" />
  <library materials="Ac225" path="neutron/Ac225.h5" type="neutron" />
  <library materials="Ac226" path="neutron/Ac226.h5" type="neutron" />
  <library materials="Ac227" path="neutron/Ac227.h5" type="neutron" />
  <library materials="Th227" path="neutron/Th227.h5" type="neutron" />
  <library materials="Th228" path="neutron/Th228.h5" type="neutron" />
  <library materials="Th229" path="neutron/Th229.h5" type="neutron" />
  <library materials="Th230" path="neutron/Th230.h5" type="neutron" />
  <library materials="Th231" path="neutron/Th231.h5" type="neutron" />
  <library materials="Th232" path="neutron/Th232.h5" type="neutron" />
  <library materials="Th233" path="neutron/Th233.h5" type="neutron" />
  <library materials="Th234" path="neutron/Th234.h5" type="neutron" />
  <library materials="Pa229" path="neutron/Pa229.h5" type="neutron" />
  <library materials="Pa230" path="neutron/Pa230.h5" type="neutron" />
  <library materials="Pa231" path="neutron/Pa231.h5" type="neutron" />
  <library materials="Pa232" path="neutron/Pa232.h5" type="neutron" />
  <library materials="Pa233" path="neutron/Pa233.h5" type="neutron" />
  <library materials="U230" path="neutron/U230.h5" type="neutron" />
  <library materials="U231" path="neutron/U231.h5" type="neutron" />
  <library materials="U232" path="neutron/U232.h5" type="neutron" />
  <library materials="U233" path="neutron/U233.h5" type="neutron" />
  <library materials="U234" path="neutron/U234.h5" type="neutron" />
  <library materials="U235" path="neutron/U235.h5" type="neutron" />
  <library materials="U236" path="neutron/U236.h5" type="neutron" />
  <library materials="U237" path="neutron/U237.h5" type="neutron" />
  <library materials="U238" path="neutron/U238.h5" type="neutron" />
  <library materials="U239" path="neutron/U239.h5" type="neutron" />
  <library materials="U240" path="neutron/U240.h5" type="neutron" />
  <library materials="U241" path="neutron/U241.h5" type="neutron" />
  <library materials="Np234" path="neutron/Np234.h5" type="neutron" />
  <library materials="Np235" path="neutron/Np235.h5" type="neutron" />
  <library materials="Np236" path="neutron/Np236.h5" type="neutron" />
  <library materials="Np237" path="neutron/Np237.h5" type="neutron" />
  <library materials="Np238" path="neutron/Np238.h5" type="neutron" />
  <library materials="Np239" path="neutron/Np239.h5" type="neutron" />
  <library materials="Pu236" path="neutron/Pu236.h5" type="neutron" />
  <library materials="Pu237" path="neutron/Pu237.h5" type="neutron" />
  <library materials="Pu238" path="neutron/Pu238.h5" type="neutron" />
  <library materials="Pu239" path="neutron/Pu239.h5" type="neutron" />
  <library materials="Pu240" path="neutron/Pu240.h5" type="neutron" />
  <library materials="Pu241" path="neutron/Pu241.h5" type="neutron" />
  <library materials="Pu242" path="neutron/Pu242.h5" type="neutron" />
  <library materials="Pu243" path="neutron/Pu243.h5" type="neutron" />
  <library materials="Pu244" path="neutron/Pu244.h5" type="neutron" />
  <library materials="Pu246" path="neutron/Pu246.h5" type="neutron" />
  <library materials="Am240" path="neutron/Am240.h5" type="neutron" />
  <library materials="Am241" path="neutron/Am241.h5" type="neutron" />
  <library materials="Am242" path="neutron/Am242.h5" type="neutron" />
  <library materials="Am242_m1" path="neutron/Am242_m1.h5" type="neutron" />
  <library materials="Am243" path="neutron/Am243.h5" type="neutron" />
  <library materials="Am244" path="neutron/Am244.h5" type="neutron" />
  <library materials="Am244_m1" path="neutron/Am244_m1.h5" type="neutron" />
  <library materials="Cm240" path="neutron/Cm240.h5" type="neutron" />
  <library materials="Cm241" path="neutron/Cm241.h5" type="neutron" />
  <library materials="Cm242" path="neutron/Cm242.h5" type="neutron" />
  <library materials="Cm243" path="neutron/Cm243.h5" type="neutron" />
  <library materials="Cm244" path="neutron/Cm244.h5" type="neutron" />
  <library materials="Cm245" path="neutron/Cm245.h5" type="neutron" />
  <library materials="Cm246" path="neutron/Cm246.h5" type="neutron" />
  <library materials="Cm247" path="neutron/Cm247.h5" type="neutron" />
  <library materials="Cm248" path="neutron/Cm248.h5" type="neutron" />
  <library materials="Cm249" path="neutron/Cm249.h5" type="neutron" />
  <library materials="Cm250" path="neutron/Cm250.h5" type="neutron" />
  <library materials="Bk245" path="neutron/Bk245.h5" type="neutron" />
  <library materials="Bk246" path="neutron/Bk246.h5" type="neutron" />
  <library materials="Bk247" path="neutron/Bk247.h5" type="neutron" />
  <library materials="Bk248" path="neutron/Bk248.h5" type="neutron" />
  <library materials="Bk249" path="neutron/Bk249.h5" type="neutron" />
  <library materials="Bk250" path="neutron/Bk250.h5" type="neutron" />
  <library materials="Cf246" path="neutron/Cf246.h5" type="neutron" />
  <library materials="Cf248" path="neutron/Cf248.h5" type="neutron" />
  <library materials="Cf249" path="neutron/Cf249.h5" type="neutron" />
  <library materials="Cf250" path="neutron/Cf250.h5" type="neutron" />
  <library materials="Cf251" path="neutron/Cf251.h5" type="neutron" />
  <library materials="Cf252" path="neutron/Cf252.h5" type="neutron" />
  <library materials="Cf253" path="neutron/Cf253.h5" type="neutron" />
  <library materials="Cf254" path="neutron/Cf254.h5" type="neutron" />
  <library materials="Es251" path="neutron/Es251.h5" type="neutron" />
  <library materials="Es252" path="neutron/Es252.h5" type="neutron" />
  <library materials="Es253" path="neutron/Es253.h5" type="neutron" />
  <library materials="Es254" path="neutron/Es254.h5" type="neutron" />
  <library materials="Es254_m1" path="neutron/Es254_m1.h5" type="neutron" />
  <library materials="Es255" path="neutron/Es255.h5" type="neutron" />
  <library materials="Fm255" path="neutron/Fm255.h5" type="neutron" />
  <library materials="c_Al27" path="neutron/c_Al27.h5" type="thermal" />
  <library materials="c_Be" path="neutron/c_Be.h5" type="thermal" />
  <library materials="c_Be_in_BeO" path="neutron/c_Be_in_BeO.h5" type="thermal" />
  <library materials="c_C6H6" path="neutron/c_C6H6.h5" type="thermal" />
  <library materials="c_D_in_D2O" path="neutron/c_D_in_D2O.h5" type="thermal" />
  <library materials="c_Fe56" path="neutron/c_Fe56.h5" type="thermal" />
  <library materials="c_Graphite" path="neutron/c_Graphite.h5" type="thermal" />
  <library materials="c_H_in_CH2" path="neutron/c_H_in_CH2.h5" type="thermal" />
  <library materials="c_H_in_CH4_liquid" path="neutron/c_H_in_CH4_liquid.h5" type="thermal" />
  <library materials="c_H_in_CH4_solid" path="neutron/c_H_in_CH4_solid.h5" type="thermal" />
  <library materials="c_H_in_H2O" path="neutron/c_H_in_H2O.h5" type="thermal" />
  <library materials="c_H_in_ZrH" path="neutron/c_H_in_ZrH.h5" type="thermal" />
  <library materials="c_O_in_BeO" path="neutron/c_O_in_BeO.h5" type="thermal" />
  <library materials="c_O_in_UO2" path="neutron/c_O_in_UO2.h5" type="thermal" />
  <library materials="c_SiO2_alpha" path="neutron/c_SiO2_alpha.h5" type="thermal" />
  <library materials="c_U_in_UO2" path="neutron/c_U_in_UO2.h5" type="thermal" />
  <library materials="c_Zr_in_ZrH" path="neutron/c_Zr_in_ZrH.h5" type="thermal" />
  <library materials="c_ortho_D" path="neutron/c_ortho_D.h5" type="thermal" />
  <library materials="c_ortho_H" path="neutron/c_ortho_H.h5" type="thermal" />
  <library materials="c_para_D" path="neutron/c_para_D.h5" type="thermal" />
  <library materials="c_para_H" path="neutron/c_para_H.h5" type="thermal" />
  <library materials="H" path="photon/H.h5" type="photon" />
  <library materials="He" path="photon/He.h5" type="photon" />
  <library materials="Li" path="photon/Li.h5" type="photon" />
  <library materials="Be" path="photon/Be.h5" type="photon" />
  <library materials="B" path="photon/B.h5" type="photon" />
  <library materials="C" path="photon/C.h5" type="photon" />
  <library materials="N" path="photon/N.h5" type="photon" />
  <library materials="O" path="photon/O.h5" type="photon" />
  <library materials="F" path="photon/F.h5" type="photon" />
  <library materials="Ne" path="photon/Ne.h5" type="photon" />
  <library materials="Na" path="photon/Na.h5" type="photon" />
  <library materials="Mg" path="photon/Mg.h5" type="photon" />
  <library materials="Al" path="photon/Al.h5" type="photon" />
  <library materials="Si" path="photon/Si.h5" type="photon" />
  <library materials="P" path="photon/P.h5" type="photon" />
  <library materials="S" path="photon/S.h5" type="photon" />
  <library materials="Cl" path="photon/Cl.h5" type="photon" />
  <library materials="Ar" path="photon/Ar.h5" type="photon" />
  <library materials="K" path="photon/K.h5" type="photon" />
  <library materials="Ca" path="photon/Ca.h5" type="photon" />
  <library materials="Sc" path="photon/Sc.h5" type="photon" />
  <library materials="Ti" path="photon/Ti.h5" type="photon" />
  <library materials="V" path="photon/V.h5" type="photon" />
  <library materials="Cr" path="photon/Cr.h5" type="photon" />
  <library materials="Mn" path="photon/Mn.h5" type="photon" />
  <library materials="Fe" path="photon/Fe.h5" type="photon" />
  <library materials="Co" path="photon/Co.h5" type="photon" />
  <library materials="Ni" path="photon/Ni.h5" type="photon" />
  <library materials="Cu" path="photon/Cu.h5" type="photon" />
  <library materials="Zn" path="photon/Zn.h5" type="photon" />
  <library materials="Ga" path="photon/Ga.h5" type="photon" />
  <library materials="Ge" path="photon/Ge.h5" type="photon" />
  <library materials="As" path="photon/As.h5" type="photon" />
  <library materials="Se" path="photon/Se.h5" type="photon" />
  <library materials="Br" path="photon/Br.h5" type="photon" />
  <library materials="Kr" path="photon/Kr.h5" type="photon" />
  <library materials="Rb" path="photon/Rb.h5" type="photon" />
  <library materials="Sr" path="photon/Sr.h5" type="photon" />
  <library materials="Y" path="photon/Y.h5" type="photon" />
  <library materials="Zr" path="photon/Zr.h5" type="photon" />
  <library materials="Nb" path="photon/Nb.h5" type="photon" />
  <library materials="Mo" path="photon/Mo.h5" type="photon" />
  <library materials="Tc" path="photon/Tc.h5" type="photon" />
  <library materials="Ru" path="photon/Ru.h5" type="photon" />
  <library materials="Rh" path="photon/Rh.h5" type="photon" />
  <library materials="Pd" path="photon/Pd.h5" type="photon" />
  <library materials="Ag" path="photon/Ag.h5" type="photon" />
  <library materials="Cd" path="photon/Cd.h5" type="photon" />
  <library materials="In" path="photon/In.h5" type="photon" />
  <library materials="Sn" path="photon/Sn.h5" type="photon" />
  <library materials="Sb" path="photon/Sb.h5" type="photon" />
  <library materials="Te" path="photon/Te.h5" type="photon" />
  <library materials="I" path="photon/I.h5" type="photon" />
  <library materials="Xe" path="photon/Xe.h5" type="photon" />
  <library materials="Cs" path="photon/Cs.h5" type="photon" />
  <library materials="Ba" path="photon/Ba.h5" type="photon" />
  <library materials="La" path="photon/La.h5" type="photon" />
  <library materials="Ce" path="photon/Ce.h5" type="photon" />
  <library materials="Pr" path="photon/Pr.h5" type="photon" />
  <library materials="Nd" path="photon/Nd.h5" type="photon" />
  <library materials="Pm" path="photon/Pm.h5" type="photon" />
  <library materials="Sm" path="photon/Sm.h5" type="photon" />
  <library materials="Eu" path="photon/Eu.h5" type="photon" />
  <library materials="Gd" path="photon/Gd.h5" type="photon" />
  <library materials="Tb" path="photon/Tb.h5" type="photon" />
  <library materials="Dy" path="photon/Dy.h5" type="photon" />
  <library materials="Ho" path="photon/Ho.h5" type="photon" />
  <library materials="Er" path="photon/Er.h5" type="photon" />
  <library materials="Tm" path="photon/Tm.h5" type="photon" />
  <library materials="Yb" path="photon/Yb.h5" type="photon" />
  <library materials="Lu" path="photon/Lu.h5" type="photon" />
  <library materials="Hf" path="photon/Hf.h5" type="photon" />
  <library materials="Ta" path="photon/Ta.h5" type="photon" />
  <library materials="W" path="photon/W.h5" type="photon" />
  <library materials="Re" path="photon/Re.h5" type="photon" />
  <library materials="Os" path="photon/Os.h5" type="photon" />
  <library materials="Ir" path="photon/Ir.h5" type="photon" />
  <library materials="Pt" path="photon/Pt.h5" type="photon" />
  <library materials="Au" path="photon/Au.h5" type="photon" />
  <library materials="Hg" path="photon/Hg.h5" type="photon" />
  <library materials="Tl" path="photon/Tl.h5" type="photon" />
  <library materials="Pb" path="photon/Pb.h5" type="photon" />
  <library materials="Bi" path="photon/Bi.h5" type="photon" />
  <library materials="Po" path="photon/Po.h5" type="photon" />
  <library materials="At" path="photon/At.h5" type="photon" />
  <library materials="Rn" path="photon/Rn.h5" type="photon" />
  <library materials="Fr" path="photon/Fr.h5" type="photon" />
  <library materials="Ra" path="photon/Ra.h5" type="photon" />
  <library materials="Ac" path="photon/Ac.h5" type="photon" />
  <library materials="Th" path="photon/Th.h5" type="photon" />
  <library materials="Pa" path="photon/Pa.h5" type="photon" />
  <library materials="U" path="photon/U.h5" type="photon" />
  <library materials="Np" path="photon/Np.h5" type="photon" />
  <library materials="Pu" path="photon/Pu.h5" type="photon" />
  <library materials="Am" path="photon/Am.h5" type="photon" />
  <library materials="Cm" path="photon/Cm.h5" type="photon" />
  <library materials="Bk" path="photon/Bk.h5" type="photon" />
  <library materials="Cf" path="photon/Cf.h5" type="photon" />
  <library materials="Es" path="photon/Es.h5" type="photon" />
  <library materials="Fm" path="photon/Fm.h5" type="photon" />
  <library materials="H1" path="wmp/001001.h5" type="wmp" />
  <library materials="H2" path="wmp/001002.h5" type="wmp" />
  <library materials="H3" path="wmp/001003.h5" type="wmp" />
  <library materials="He3" path="wmp/002003.h5" type="wmp" />
  <library materials="He4" path="wmp/002004.h5" type="wmp" />
  <library materials="Li6" path="wmp/003006.h5" type="wmp" />
  <library materials="Li7" path="wmp/003007.h5" type="wmp" />
  <library materials="Be7" path="wmp/004007.h5" type="wmp" />
  <library materials="Be9" path="wmp/004009.h5" type="wmp" />
  <library materials="B10" path="wmp/005010.h5" type="wmp" />
  <library materials="B11" path="wmp/005011.h5" type="wmp" />
  <library materials="C0" path="wmp/006000.h5" type="wmp" />
  <library materials="N14" path="wmp/007014.h5" type="wmp" />
  <library materials="N15" path="wmp/007015.h5" type="wmp" />
  <library materials="O16" path="wmp/008016.h5" type="wmp" />
  <library materials="O17" path="wmp/008017.h5" type="wmp" />
  <library materials="F19" path="wmp/009019.h5" type="wmp" />
  <library materials="Na22" path="wmp/011022.h5" type="wmp" />
  <library materials="Na23" path="wmp/011023.h5" type="wmp" />
  <library materials="Mg24" path="wmp/012024.h5" type="wmp" />
  <library materials="Mg25" path="wmp/012025.h5" type="wmp" />
  <library materials="Mg26" path="wmp/012026.h5" type="wmp" />
  <library materials="Al27" path="wmp/013027.h5" type="wmp" />
  <library materials="Si28" path="wmp/014028.h5" type="wmp" />
  <library materials="Si29" path="wmp/014029.h5" type="wmp" />
  <library materials="Si30" path="wmp/014030.h5" type="wmp" />
  <library materials="P31" path="wmp/015031.h5" type="wmp" />
  <library materials="S32" path="wmp/016032.h5" type="wmp" />
  <library materials="S33" path="wmp/016033.h5" type="wmp" />
  <library materials="S34" path="wmp/016034.h5" type="wmp" />
  <library materials="S36" path="wmp/016036.h5" type="wmp" />
  <library materials="Cl35" path="wmp/017035.h5" type="wmp" />
  <library materials="Cl37" path="wmp/017037.h5" type="wmp" />
  <library materials="Ar36" path="wmp/018036.h5" type="wmp" />
  <library materials="Ar38" path="wmp/018038.h5" type="wmp" />
  <library materials="Ar40" path="wmp/018040.h5" type="wmp" />
  <library materials="K39" path="wmp/019039.h5" type="wmp" />
  <library materials="K40" path="wmp/019040.h5" type="wmp" />
  <library materials="K41" path="wmp/019041.h5" type="wmp" />
  <library materials="Ca40" path="wmp/020040.h5" type="wmp" />
  <library materials="Ca42" path="wmp/020042.h5" type="wmp" />
  <library materials="Ca43" path="wmp/020043.h5" type="wmp" />
  <library materials="Ca44" path="wmp/020044.h5" type="wmp" />
  <library materials="Ca46" path="wmp/020046.h5" type="wmp" />
  <library materials="Ca48" path="wmp/020048.h5" type="wmp" />
  <library materials="Sc45" path="wmp/021045.h5" type="wmp" />
  <library materials="Ti46" path="wmp/022046.h5" type="wmp" />
  <library materials="Ti47" path="wmp/022047.h5" type="wmp" />
  <library materials="Ti48" path="wmp/022048.h5" type="wmp" />
  <library materials="Ti49" path="wmp/022049.h5" type="wmp" />
  <library materials="Ti50" path="wmp/022050.h5" type="wmp" />
  <library materials="V50" path="wmp/023050.h5" type="wmp" />
  <library materials="V51" path="wmp/023051.h5" type="wmp" />
  <library materials="Cr50" path="wmp/024050.h5" type="wmp" />
  <library materials="Cr52" path="wmp/024052.h5" type="wmp" />
  <library materials="Cr53" path="wmp/024053.h5" type="wmp" />
  <library materials="Cr54" path="wmp/024054.h5" type="wmp" />
  <library materials="Mn55" path="wmp/025055.h5" type="wmp" />
  <library materials="Fe54" path="wmp/026054.h5" type="wmp" />
  <library materials="Fe56" path="wmp/026056.h5" type="wmp" />
  <library materials="Fe57" path="wmp/026057.h5" type="wmp" />
  <library materials="Fe58" path="wmp/026058.h5" type="wmp" />
  <library materials="Co58" path="wmp/027058.h5" type="wmp" />
  <library materials="Co58_m1" path="wmp/027058m1.h5" type="wmp" />
  <library materials="Co59" path="wmp/027059.h5" type="wmp" />
  <library materials="Ni58" path="wmp/028058.h5" type="wmp" />
  <library materials="Ni59" path="wmp/028059.h5" type="wmp" />
  <library materials="Ni60" path="wmp/028060.h5" type="wmp" />
  <library materials="Ni61" path="wmp/028061.h5" type="wmp" />
  <library materials="Ni62" path="wmp/028062.h5" type="wmp" />
  <library materials="Ni64" path="wmp/028064.h5" type="wmp" />
  <library materials="Cu63" path="wmp/029063.h5" type="wmp" />
  <library materials="Cu65" path="wmp/029065.h5" type="wmp" />
  <library materials="Zn64" path="wmp/030064.h5" type="wmp" />
  <library materials="Zn65" path="wmp/030065.h5" type="wmp" />
  <library materials="Zn66" path="wmp/030066.h5" type="wmp" />
  <library materials="Zn67" path="wmp/030067.h5" type="wmp" />
  <library materials="Zn68" path="wmp/030068.h5" type="wmp" />
  <library materials="Zn70" path="wmp/030070.h5" type="wmp" />
  <library materials="Ga69" path="wmp/031069.h5" type="wmp" />
  <library materials="Ga71" path="wmp/031071.h5" type="wmp" />
  <library materials="Ge70" path="wmp/032070.h5" type="wmp" />
  <library materials="Ge72" path="wmp/032072.h5" type="wmp" />
  <library materials="Ge73" path="wmp/032073.h5" type="wmp" />
  <library materials="Ge74" path="wmp/032074.h5" type="wmp" />
  <library materials="Ge76" path="wmp/032076.h5" type="wmp" />
  <library materials="As74" path="wmp/033074.h5" type="wmp" />
  <library materials="As75" path="wmp/033075.h5" type="wmp" />
  <library materials="Se74" path="wmp/034074.h5" type="wmp" />
  <library materials="Se76" path="wmp/034076.h5" type="wmp" />
  <library materials="Se77" path="wmp/034077.h5" type="wmp" />
  <library materials="Se78" path="wmp/034078.h5" type="wmp" />
  <library materials="Se79" path="wmp/034079.h5" type="wmp" />
  <library materials="Se80" path="wmp/034080.h5" type="wmp" />
  <library materials="Se82" path="wmp/034082.h5" type="wmp" />
  <library materials="Br79" path="wmp/035079.h5" type="wmp" />
  <library materials="Br81" path="wmp/035081.h5" type="wmp" />
  <library materials="Kr78" path="wmp/036078.h5" type="wmp" />
  <library materials="Kr80" path="wmp/036080.h5" type="wmp" />
  <library materials="Kr82" path="wmp/036082.h5" type="wmp" />
  <library materials="Kr83" path="wmp/036083.h5" type="wmp" />
  <library materials="Kr84" path="wmp/036084.h5" type="wmp" />
  <library materials="Kr85" path="wmp/036085.h5" type="wmp" />
  <library materials="Kr86" path="wmp/036086.h5" type="wmp" />
  <library materials="Rb85" path="wmp/037085.h5" type="wmp" />
  <library materials="Rb86" path="wmp/037086.h5" type="wmp" />
  <library materials="Rb87" path="wmp/037087.h5" type="wmp" />
  <library materials="Sr84" path="wmp/038084.h5" type="wmp" />
  <library materials="Sr86" path="wmp/038086.h5" type="wmp" />
  <library materials="Sr87" path="wmp/038087.h5" type="wmp" />
  <library materials="Sr88" path="wmp/038088.h5" type="wmp" />
  <library materials="Sr89" path="wmp/038089.h5" type="wmp" />
  <library materials="Sr90" path="wmp/038090.h5" type="wmp" />
  <library materials="Y89" path="wmp/039089.h5" type="wmp" />
  <library materials="Y90" path="wmp/039090.h5" type="wmp" />
  <library materials="Y91" path="wmp/039091.h5" type="wmp" />
  <library materials="Zr90" path="wmp/040090.h5" type="wmp" />
  <library materials="Zr91" path="wmp/040091.h5" type="wmp" />
  <library materials="Zr92" path="wmp/040092.h5" type="wmp" />
  <library materials="Zr93" path="wmp/040093.h5" type="wmp" />
  <library materials="Zr94" path="wmp/040094.h5" type="wmp" />
  <library materials="Zr95" path="wmp/040095.h5" type="wmp" />
  <library materials="Zr96" path="wmp/040096.h5" type="wmp" />
  <library materials="Nb93" path="wmp/041093.h5" type="wmp" />
  <library materials="Nb94" path="wmp/041094.h5" type="wmp" />
  <library materials="Nb95" path="wmp/041095.h5" type="wmp" />
  <library materials="Mo92" path="wmp/042092.h5" type="wmp" />
  <library materials="Mo94" path="wmp/042094.h5" type="wmp" />
  <library materials="Mo95" path="wmp/042095.h5" type="wmp" />
  <library materials="Mo96" path="wmp/042096.h5" type="wmp" />
  <library materials="Mo97" path="wmp/042097.h5" type="wmp" />
  <library materials="Mo98" path="wmp/042098.h5" type="wmp" />
  <library materials="Mo99" path="wmp/042099.h5" type="wmp" />
  <library materials="Mo100" path="wmp/042100.h5" type="wmp" />
  <library materials="Tc99" path="wmp/043099.h5" type="wmp" />
  <library materials="Ru96" path="wmp/044096.h5" type="wmp" />
  <library materials="Ru98" path="wmp/044098.h5" type="wmp" />
  <library materials="Ru99" path="wmp/044099.h5" type="wmp" />
  <library materials="Ru100" path="wmp/044100.h5" type="wmp" />
  <library materials="Ru101" path="wmp/044101.h5" type="wmp" />
  <library materials="Ru102" path="wmp/044102.h5" type="wmp" />
  <library materials="Ru103" path="wmp/044103.h5" type="wmp" />
  <library materials="Ru104" path="wmp/044104.h5" type="wmp" />
  <library materials="Ru105" path="wmp/044105.h5" type="wmp" />
  <library materials="Ru106" path="wmp/044106.h5" type="wmp" />
  <library materials="Rh103" path="wmp/045103.h5" type="wmp" />
  <library materials="Rh105" path="wmp/045105.h5" type="wmp" />
  <library materials="Pd102" path="wmp/046102.h5" type="wmp" />
  <library materials="Pd104" path="wmp/046104.h5" type="wmp" />
  <library materials="Pd105" path="wmp/046105.h5" type="wmp" />
  <library materials="Pd106" path="wmp/046106.h5" type="wmp" />
  <library materials="Pd107" path="wmp/046107.h5" type="wmp" />
  <library materials="Pd108" path="wmp/046108.h5" type="wmp" />
  <library materials="Pd110" path="wmp/046110.h5" type="wmp" />
  <library materials="Ag107" path="wmp/047107.h5" type="wmp" />
  <library materials="Ag109" path="wmp/047109.h5" type="wmp" />
  <library materials="Ag110_m1" path="wmp/047110m1.h5" type="wmp" />
  <library materials="Ag111" path="wmp/047111.h5" type="wmp" />
  <library materials="Cd106" path="wmp/048106.h5" type="wmp" />
  <library materials="Cd108" path="wmp/048108.h5" type="wmp" />
  <library materials="Cd110" path="wmp/048110.h5" type="wmp" />
  <library materials="Cd111" path="wmp/048111.h5" type="wmp" />
  <library materials="Cd112" path="wmp/048112.h5" type="wmp" />
  <library materials="Cd113" path="wmp/048113.h5" type="wmp" />
  <library materials="Cd114" path="wmp/048114.h5" type="wmp" />
  <library materials="Cd115_m1" path="wmp/048115m1.h5" type="wmp" />
  <library materials="Cd116" path="wmp/048116.h5" type="wmp" />
  <library materials="In113" path="wmp/049113.h5" type="wmp" />
  <library materials="In115" path="wmp/049115.h5" type="wmp" />
  <library materials="Sn112" path="wmp/050112.h5" type="wmp" />
  <library materials="Sn113" path="wmp/050113.h5" type="wmp" />
  <library materials="Sn114" path="wmp/050114.h5" type="wmp" />
  <library materials="Sn115" path="wmp/050115.h5" type="wmp" />
  <library materials="Sn116" path="wmp/050116.h5" type="wmp" />
  <library materials="Sn117" path="wmp/050117.h5" type="wmp" />
  <library materials="Sn118" path="wmp/050118.h5" type="wmp" />
  <library materials="Sn119" path="wmp/050119.h5" type="wmp" />
  <library materials="Sn120" path="wmp/050120.h5" type="wmp" />
  <library materials="Sn122" path="wmp/050122.h5" type="wmp" />
  <library materials="Sn123" path="wmp/050123.h5" type="wmp" />
  <library materials="Sn124" path="wmp/050124.h5" type="wmp" />
  <library materials="Sn125" path="wmp/050125.h5" type="wmp" />
  <library materials="Sn126" path="wmp/050126.h5" type="wmp" />
  <library materials="Sb121" path="wmp/051121.h5" type="wmp" />
  <library materials="Sb123" path="wmp/051123.h5" type="wmp" />
  <library materials="Sb124" path="wmp/051124.h5" type="wmp" />
  <library materials="Sb125" path="wmp/051125.h5" type="wmp" />
  <library materials="Sb126" path="wmp/051126.h5" type="wmp" />
  <library materials="Te120" path="wmp/052120.h5" type="wmp" />
  <library materials="Te122" path="wmp/052122.h5" type="wmp" />
  <library materials="Te123" path="wmp/052123.h5" type="wmp" />
  <library materials="Te124" path="wmp/052124.h5" type="wmp" />
  <library materials="Te125" path="wmp/052125.h5" type="wmp" />
  <library materials="Te126" path="wmp/052126.h5" type="wmp" />
  <library materials="Te127_m1" path="wmp/052127m1.h5" type="wmp" />
  <library materials="Te128" path="wmp/052128.h5" type="wmp" />
  <library materials="Te129_m1" path="wmp/052129m1.h5" type="wmp" />
  <library materials="Te130" path="wmp/052130.h5" type="wmp" />
  <library materials="Te132" path="wmp/052132.h5" type="wmp" />
  <library materials="I127" path="wmp/053127.h5" type="wmp" />
  <library materials="I129" path="wmp/053129.h5" type="wmp" />
  <library materials="I130" path="wmp/053130.h5" type="wmp" />
  <library materials="I131" path="wmp/053131.h5" type="wmp" />
  <library materials="I135" path="wmp/053135.h5" type="wmp" />
  <library materials="Xe123" path="wmp/054123.h5" type="wmp" />
  <library materials="Xe124" path="wmp/054124.h5" type="wmp" />
  <library materials="Xe126" path="wmp/054126.h5" type="wmp" />
  <library materials="Xe128" path="wmp/054128.h5" type="wmp" />
  <library materials="Xe129" path="wmp/054129.h5" type="wmp" />
  <library materials="Xe130" path="wmp/054130.h5" type="wmp" />
  <library materials="Xe131" path="wmp/054131.h5" type="wmp" />
  <library materials="Xe132" path="wmp/054132.h5" type="wmp" />
  <library materials="Xe133" path="wmp/054133.h5" type="wmp" />
  <library materials="Xe134" path="wmp/054134.h5" type="wmp" />
  <library materials="Xe135" path="wmp/054135.h5" type="wmp" />
  <library materials="Xe136" path="wmp/054136.h5" type="wmp" />
  <library materials="Cs133" path="wmp/055133.h5" type="wmp" />
  <library materials="Cs134" path="wmp/055134.h5" type="wmp" />
  <library materials="Cs135" path="wmp/055135.h5" type="wmp" />
  <library materials="Cs136" path="wmp/055136.h5" type="wmp" />
  <library materials="Cs137" path="wmp/055137.h5" type="wmp" />
  <library materials="Ba130" path="wmp/056130.h5" type="wmp" />
  <library materials="Ba132" path="wmp/056132.h5" type="wmp" />
  <library materials="Ba133" path="wmp/056133.h5" type="wmp" />
  <library materials="Ba134" path="wmp/056134.h5" type="wmp" />
  <library materials="Ba135" path="wmp/056135.h5" type="wmp" />
  <library materials="Ba136" path="wmp/056136.h5" type="wmp" />
  <library materials="Ba137" path="wmp/056137.h5" type="wmp" />
  <library materials="Ba138" path="wmp/056138.h5" type="wmp" />
  <library materials="Ba140" path="wmp/056140.h5" type="wmp" />
  <library materials="La138" path="wmp/057138.h5" type="wmp" />
  <library materials="La139" path="wmp/057139.h5" type="wmp" />
  <library materials="La140" path="wmp/057140.h5" type="wmp" />
  <library materials="Ce136" path="wmp/058136.h5" type="wmp" />
  <library materials="Ce138" path="wmp/058138.h5" type="wmp" />
  <library materials="Ce139" path="wmp/058139.h5" type="wmp" />
  <library materials="Ce140" path="wmp/058140.h5" type="wmp" />
  <library materials="Ce141" path="wmp/058141.h5" type="wmp" />
  <library materials="Ce142" path="wmp/058142.h5" type="wmp" />
  <library materials="Ce143" path="wmp/058143.h5" type="wmp" />
  <library materials="Ce144" path="wmp/058144.h5" type="wmp" />
  <library materials="Pr141" path="wmp/059141.h5" type="wmp" />
  <library materials="Pr142" path="wmp/059142.h5" type="wmp" />
  <library materials="Pr143" path="wmp/059143.h5" type="wmp" />
  <library materials="Nd142" path="wmp/060142.h5" type="wmp" />
  <library materials="Nd143" path="wmp/060143.h5" type="wmp" />
  <library materials="Nd144" path="wmp/060144.h5" type="wmp" />
  <library materials="Nd145" path="wmp/060145.h5" type="wmp" />
  <library materials="Nd146" path="wmp/060146.h5" type="wmp" />
  <library materials="Nd147" path="wmp/060147.h5" type="wmp" />
  <library materials="Nd148" path="wmp/060148.h5" type="wmp" />
  <library materials="Nd150" path="wmp/060150.h5" type="wmp" />
  <library materials="Pm147" path="wmp/061147.h5" type="wmp" />
  <library materials="Pm148" path="wmp/061148.h5" type="wmp" />
  <library materials="Pm148_m1" path="wmp/061148m1.h5" type="wmp" />
  <library materials="Pm149" path="wmp/061149.h5" type="wmp" />
  <library materials="Pm151" path="wmp/061151.h5" type="wmp" />
  <library materials="Sm144" path="wmp/062144.h5" type="wmp" />
  <library materials="Sm147" path="wmp/062147.h5" type="wmp" />
  <library materials="Sm148" path="wmp/062148.h5" type="wmp" />
  <library materials="Sm149" path="wmp/062149.h5" type="wmp" />
  <library materials="Sm150" path="wmp/062150.h5" type="wmp" />
  <library materials="Sm151" path="wmp/062151.h5" type="wmp" />
  <library materials="Sm152" path="wmp/062152.h5" type="wmp" />
  <library materials="Sm153" path="wmp/062153.h5" type="wmp" />
  <library materials="Sm154" path="wmp/062154.h5" type="wmp" />
  <library materials="Eu151" path="wmp/063151.h5" type="wmp" />
  <library materials="Eu152" path="wmp/063152.h5" type="wmp" />
  <library materials="Eu153" path="wmp/063153.h5" type="wmp" />
  <library materials="Eu154" path="wmp/063154.h5" type="wmp" />
  <library materials="Eu155" path="wmp/063155.h5" type="wmp" />
  <library materials="Eu156" path="wmp/063156.h5" type="wmp" />
  <library materials="Eu157" path="wmp/063157.h5" type="wmp" />
  <library materials="Gd152" path="wmp/064152.h5" type="wmp" />
  <library materials="Gd153" path="wmp/064153.h5" type="wmp" />
  <library materials="Gd154" path="wmp/064154.h5" type="wmp" />
  <library materials="Gd155" path="wmp/064155.h5" type="wmp" />
  <library materials="Gd156" path="wmp/064156.h5" type="wmp" />
  <library materials="Gd157" path="wmp/064157.h5" type="wmp" />
  <library materials="Gd158" path="wmp/064158.h5" type="wmp" />
  <library materials="Gd160" path="wmp/064160.h5" type="wmp" />
  <library materials="Tb159" path="wmp/065159.h5" type="wmp" />
  <library materials="Tb160" path="wmp/065160.h5" type="wmp" />
  <library materials="Dy156" path="wmp/066156.h5" type="wmp" />
  <library materials="Dy158" path="wmp/066158.h5" type="wmp" />
  <library materials="Dy160" path="wmp/066160.h5" type="wmp" />
  <library materials="Dy161" path="wmp/066161.h5" type="wmp" />
  <library materials="Dy162" path="wmp/066162.h5" type="wmp" />
  <library materials="Dy163" path="wmp/066163.h5" type="wmp" />
  <library materials="Dy164" path="wmp/066164.h5" type="wmp" />
  <library materials="Ho165" path="wmp/067165.h5" type="wmp" />
  <library materials="Ho166_m1" path="wmp/067166m1.h5" type="wmp" />
  <library materials="Er162" path="wmp/068162.h5" type="wmp" />
  <library materials="Er164" path="wmp/068164.h5" type="wmp" />
  <library materials="Er166" path="wmp/068166.h5" type="wmp" />
  <library materials="Er167" path="wmp/068167.h5" type="wmp" />
  <library materials="Er168" path="wmp/068168.h5" type="wmp" />
  <library materials="Er170" path="wmp/068170.h5" type="wmp" />
  <library materials="Tm168" path="wmp/069168.h5" type="wmp" />
  <library materials="Tm169" path="wmp/069169.h5" type="wmp" />
  <library materials="Tm170" path="wmp/069170.h5" type="wmp" />
  <library materials="Lu175" path="wmp/071175.h5" type="wmp" />
  <library materials="Lu176" path="wmp/071176.h5" type="wmp" />
  <library materials="Hf174" path="wmp/072174.h5" type="wmp" />
  <library materials="Hf176" path="wmp/072176.h5" type="wmp" />
  <library materials="Hf177" path="wmp/072177.h5" type="wmp" />
  <library materials="Hf178" path="wmp/072178.h5" type="wmp" />
  <library materials="Hf179" path="wmp/072179.h5" type="wmp" />
  <library materials="Hf180" path="wmp/072180.h5" type="wmp" />
  <library materials="Ta180" path="wmp/073180.h5" type="wmp" />
  <library materials="Ta181" path="wmp/073181.h5" type="wmp" />
  <library materials="Ta182" path="wmp/073182.h5" type="wmp" />
  <library materials="W180" path="wmp/074180.h5" type="wmp" />
  <library materials="W182" path="wmp/074182.h5" type="wmp" />
  <library materials="W183" path="wmp/074183.h5" type="wmp" />
  <library materials="W184" path="wmp/074184.h5" type="wmp" />
  <library materials="W186" path="wmp/074186.h5" type="wmp" />
  <library materials="Re185" path="wmp/075185.h5" type="wmp" />
  <library materials="Re187" path="wmp/075187.h5" type="wmp" />
  <library materials="Ir191" path="wmp/077191.h5" type="wmp" />
  <library materials="Ir193" path="wmp/077193.h5" type="wmp" />
  <library materials="Au197" path="wmp/079197.h5" type="wmp" />
  <library materials="Hg196" path="wmp/080196.h5" type="wmp" />
  <library materials="Hg198" path="wmp/080198.h5" type="wmp" />
  <library materials="Hg199" path="wmp/080199.h5" type="wmp" />
  <library materials="Hg200" path="wmp/080200.h5" type="wmp" />
  <library materials="Hg201" path="wmp/080201.h5" type="wmp" />
  <library materials="Hg202" path="wmp/080202.h5" type="wmp" />
  <library materials="Hg204" path="wmp/080204.h5" type="wmp" />
  <library materials="Tl203" path="wmp/081203.h5" type="wmp" />
  <library materials="Tl205" path="wmp/081205.h5" type="wmp" />
  <library materials="Pb204" path="wmp/082204.h5" type="wmp" />
  <library materials="Pb206" path="wmp/082206.h5" type="wmp" />
  <library materials="Pb207" path="wmp/082207.h5" type="wmp" />
  <library materials="Pb208" path="wmp/082208.h5" type="wmp" />
  <library materials="Bi209" path="wmp/083209.h5" type="wmp" />
  <library materials="Ra223" path="wmp/088223.h5" type="wmp" />
  <library materials="Ra224" path="wmp/088224.h5" type="wmp" />
  <library materials="Ra225" path="wmp/088225.h5" type="wmp" />
  <library materials="Ra226" path="wmp/088226.h5" type="wmp" />
  <library materials="Ac225" path="wmp/089225.h5" type="wmp" />
  <library materials="Ac226" path="wmp/089226.h5" type="wmp" />
  <library materials="Ac227" path="wmp/089227.h5" type="wmp" />
  <library materials="Th227" path="wmp/090227.h5" type="wmp" />
  <library materials="Th228" path="wmp/090228.h5" type="wmp" />
  <library materials="Th229" path="wmp/090229.h5" type="wmp" />
  <library materials="Th230" path="wmp/090230.h5" type="wmp" />
  <library materials="Th231" path="wmp/090231.h5" type="wmp" />
  <library materials="Th232" path="wmp/090232.h5" type="wmp" />
  <library materials="Th233" path="wmp/090233.h5" type="wmp" />
  <library materials="Th234" path="wmp/090234.h5" type="wmp" />
  <library materials="Pa229" path="wmp/091229.h5" type="wmp" />
  <library materials="Pa230" path="wmp/091230.h5" type="wmp" />
  <library materials="Pa231" path="wmp/091231.h5" type="wmp" />
  <library materials="Pa232" path="wmp/091232.h5" type="wmp" />
  <library materials="Pa233" path="wmp/091233.h5" type="wmp" />
  <library materials="U230" path="wmp/092230.h5" type="wmp" />
  <library materials="U231" path="wmp/092231.h5" type="wmp" />
  <library materials="U232" path="wmp/092232.h5" type="wmp" />
  <library materials="U233" path="wmp/092233.h5" type="wmp" />
  <library materials="U234" path="wmp/092234.h5" type="wmp" />
  <library materials="U235" path="wmp/092235.h5" type="wmp" />
  <library materials="U236" path="wmp/092236.h5" type="wmp" />
  <library materials="U237" path="wmp/092237.h5" type="wmp" />
  <library materials="U238" path="wmp/092238.h5" type="wmp" />
  <library materials="U239" path="wmp/092239.h5" type="wmp" />
  <library materials="U240" path="wmp/092240.h5" type="wmp" />
  <library materials="U241" path="wmp/092241.h5" type="wmp" />
  <library materials="Np234" path="wmp/093234.h5" type="wmp" />
  <library materials="Np235" path="wmp/093235.h5" type="wmp" />
  <library materials="Np236" path="wmp/093236.h5" type="wmp" />
  <library materials="Np237" path="wmp/093237.h5" type="wmp" />
  <library materials="Np238" path="wmp/093238.h5" type="wmp" />
  <library materials="Np239" path="wmp/093239.h5" type="wmp" />
  <library materials="Pu236" path="wmp/094236.h5" type="wmp" />
  <library materials="Pu237" path="wmp/094237.h5" type="wmp" />
  <library materials="Pu238" path="wmp/094238.h5" type="wmp" />
  <library materials="Pu239" path="wmp/094239.h5" type="wmp" />
  <library materials="Pu240" path="wmp/094240.h5" type="wmp" />
  <library materials="Pu241" path="wmp/094241.h5" type="wmp" />
  <library materials="Pu242" path="wmp/094242.h5" type="wmp" />
  <library materials="Pu243" path="wmp/094243.h5" type="wmp" />
  <library materials="Pu244" path="wmp/094244.h5" type="wmp" />
  <library materials="Pu246" path="wmp/094246.h5" type="wmp" />
  <library materials="Am240" path="wmp/095240.h5" type="wmp" />
  <library materials="Am241" path="wmp/095241.h5" type="wmp" />
  <library materials="Am242" path="wmp/095242.h5" type="wmp" />
  <library materials="Am242_m1" path="wmp/095242m1.h5" type="wmp" />
  <library materials="Am243" path="wmp/095243.h5" type="wmp" />
  <library materials="Am244" path="wmp/095244.h5" type="wmp" />
  <library materials="Am244_m1" path="wmp/095244m1.h5" type="wmp" />
  <library materials="Cm240" path="wmp/096240.h5" type="wmp" />
  <library materials="Cm241" path="wmp/096241.h5" type="wmp" />
  <library materials="Cm242" path="wmp/096242.h5" type="wmp" />
  <library materials="Cm243" path="wmp/096243.h5" type="wmp" />
  <library materials="Cm244" path="wmp/096244.h5" type="wmp" />
  <library materials="Cm245" path="wmp/096245.h5" type="wmp" />
  <library materials="Cm246" path="wmp/096246.h5" type="wmp" />
  <library materials="Cm247" path="wmp/096247.h5" type="wmp" />
  <library materials="Cm248" path="wmp/096248.h5" type="wmp" />
  <library materials="Cm249" path="wmp/096249.h5" type="wmp" />
  <library materials="Cm250" path="wmp/096250.h5" type="wmp" />
  <library materials="Bk245" path="wmp/097245.h5" type="wmp" />
  <library materials="Bk246" path="wmp/097246.h5" type="wmp" />
  <library materials="Bk247" path="wmp/097247.h5" type="wmp" />
  <library materials="Bk248" path="wmp/097248.h5" type="wmp" />
  <library materials="Bk249" path="wmp/097249.h5" type="wmp" />
  <library materials="Bk250" path="wmp/097250.h5" type="wmp" />
  <library materials="Cf246" path="wmp/098246.h5" type="wmp" />
  <library materials="Cf248" path="wmp/098248.h5" type="wmp" />
  <library materials="Cf249" path="wmp/098249.h5" type="wmp" />
  <library materials="Cf250" path="wmp/098250.h5" type="wmp" />
  <library materials="Cf251" path="wmp/098251.h5" type="wmp" />
  <library materials="Cf252" path="wmp/098252.h5" type="wmp" />
  <library materials="Cf253" path="wmp/098253.h5" type="wmp" />
  <library materials="Cf254" path="wmp/098254.h5" type="wmp" />
  <library materials="Es251" path="wmp/099251.h5" type="wmp" />
  <library materials="Es252" path="wmp/099252.h5" type="wmp" />
  <library materials="Es253" path="wmp/099253.h5" type="wmp" />
  <library materials="Es254" path="wmp/099254.h5" type="wmp" />
  <library materials="Es254_m1" path="wmp/099254m1.h5" type="wmp" />
  <library materials="Es255" path="wmp/099255.h5" type="wmp" />
  <library materials="Fm255" path="wmp/100255.h5" type="wmp" />
</cross_sections>
